"Id","Time","Machine","Component","Parameter","Value"
"48","2022-06-03T08:09:29Z","Excavator_1","Engine","Temparature","104"
"5","2022-05-12T02:05:42Z","Articulated_Truck_1","Fuel","Water in Fuel","70"
"24","2022-05-27T06:25:04Z","Articulated_Truck_1","Engine","Temparature","104"
"23","2022-05-12T20:36:47Z","Backhoe_Loader_1","Drive","Transmission Pressure","231"
"42","2022-06-28T04:06:30Z","Excavator_1","Engine","Oil Pressure","39"
"44","2022-06-15T17:30:33Z","Dozer_1","Fuel","Temparature","215"
"37","2022-06-25T15:39:58Z","Backhoe_Loader_1","Fuel","Temparature","202"
"1","2022-06-28T01:17:39Z","Articulated_Truck_1","Drive","Brake Control","2"
"39","2022-05-13T03:23:02Z","Excavator_1","Drive","Pedal Sensor","4.53"
"26","2022-06-09T02:21:39Z","Articulated_Truck_1","Drive","Pedal Sensor","3.9"
"2","2022-06-01T21:02:41Z","Articulated_Truck_1","Misc","Exhaust Gas Temparature","190"
"34","2022-05-06T19:46:07Z","Excavator_1","Misc","Exhaust Gas Temparature","195"
"47","2022-05-30T09:02:29Z","Articulated_Truck_1","Drive","Brake Control","2"
"44","2022-06-07T20:54:38Z","Backhoe_Loader_1","Drive","Pedal Sensor","3.06"
"32","2022-06-16T19:53:48Z","Excavator_1","Misc","Air Filter Pressure","34"
"25","2022-05-09T10:36:00Z","Excavator_1","Misc","System Voltage","12.41"
"22","2022-05-08T10:33:05Z","Dozer_1","Misc","Exhaust Gas Temparature","332"
"9","2022-05-10T09:05:26Z","Dozer_1","Fuel","Water in Fuel","1315"
"6","2022-05-26T15:48:32Z","Backhoe_Loader_1","Engine","Oil Pressure","51"
"20","2022-05-08T17:09:11Z","Articulated_Truck_1","Engine","Oil Pressure","55"
"47","2022-06-08T00:46:47Z","Backhoe_Loader_1","Misc","Hydraulic Pump Rate","91"
"12","2022-06-13T09:02:11Z","Articulated_Truck_1","Engine","Speed","1345"
"4","2022-06-07T03:43:41Z","Excavator_1","Drive","Transmission Pressure","263"
"42","2022-06-27T03:29:55Z","Excavator_1","Misc","Exhaust Gas Temparature","312"
"5","2022-06-23T11:02:43Z","Articulated_Truck_1","Engine","Speed","1750"
"45","2022-05-11T13:16:32Z","Excavator_1","Engine","Speed","1779"
"33","2022-05-20T02:50:20Z","Backhoe_Loader_1","Drive","Pedal Sensor","4.76"
"14","2022-05-12T15:06:55Z","Backhoe_Loader_1","Fuel","Level","6"
"25","2022-06-25T11:08:14Z","Backhoe_Loader_1","Drive","Transmission Pressure","262"
"2","2022-06-08T20:46:11Z","Excavator_1","Misc","Exhaust Gas Temparature","304"
"7","2022-06-03T19:01:05Z","Articulated_Truck_1","Drive","Pedal Sensor","3.9"
"43","2022-05-22T11:05:17Z","Articulated_Truck_1","Engine","Speed","1590"
"3","2022-06-12T06:40:10Z","Backhoe_Loader_1","Engine","Oil Pressure","30"
"3","2022-06-06T06:35:59Z","Backhoe_Loader_1","Drive","Pedal Sensor","4.83"
"47","2022-05-28T20:46:27Z","Articulated_Truck_1","Misc","Hydraulic Pump Rate","109"
"13","2022-05-11T03:11:53Z","Excavator_1","Drive","Transmission Pressure","403"
"1","2022-05-07T09:44:50Z","Dozer_1","Engine","Speed","1580"
"34","2022-06-27T04:19:39Z","Excavator_1","Drive","Transmission Pressure","203"
"28","2022-05-09T15:57:35Z","Excavator_1","Fuel","Pressure","44"
"7","2022-05-02T15:33:29Z","Articulated_Truck_1","Fuel","Temparature","0"
"22","2022-05-28T05:24:46Z","Dozer_1","Engine","Oil Pressure","48"
"34","2022-06-10T23:04:57Z","Backhoe_Loader_1","Engine","Speed","1434"
"44","2022-05-20T08:34:29Z","Articulated_Truck_1","Drive","Pedal Sensor","4.6"
"45","2022-05-17T04:51:58Z","Dozer_1","Misc","System Voltage","12.25"
"19","2022-06-04T13:31:15Z","Dozer_1","Engine","Speed","1665"
"30","2022-06-11T21:31:15Z","Backhoe_Loader_1","Misc","Exhaust Gas Temparature","198"
"31","2022-06-13T13:46:42Z","Excavator_1","Engine","Oil Pressure","29"
"17","2022-06-17T05:25:02Z","Articulated_Truck_1","Drive","Brake Control","2"
"20","2022-05-26T06:06:30Z","Dozer_1","Drive","Brake Control","10"
"22","2022-05-09T02:05:21Z","Backhoe_Loader_1","Drive","Pedal Sensor","3.14"
"34","2022-05-13T20:51:45Z","Dozer_1","Drive","Transmission Pressure","249"
"31","2022-06-14T21:59:05Z","Excavator_1","Fuel","Water in Fuel","413"
"21","2022-06-03T01:26:34Z","Backhoe_Loader_1","Fuel","Water in Fuel","1300"
"27","2022-05-09T05:13:41Z","Dozer_1","Drive","Brake Control","1"
"26","2022-06-07T19:41:35Z","Excavator_1","Engine","Temparature","93"
"6","2022-05-27T23:46:46Z","Dozer_1","Drive","Transmission Pressure","222"
"42","2022-06-17T22:02:34Z","Excavator_1","Fuel","Water in Fuel","1047"
"29","2022-06-27T20:22:38Z","Dozer_1","Fuel","Water in Fuel","371"
"38","2022-05-18T18:36:54Z","Dozer_1","Engine","Speed","1724"
"31","2022-05-05T23:19:11Z","Backhoe_Loader_1","Drive","Pedal Sensor","4.56"
"21","2022-06-27T13:06:53Z","Excavator_1","Drive","Transmission Pressure","374"
"7","2022-06-27T21:18:03Z","Backhoe_Loader_1","Fuel","Temparature","225"
"32","2022-05-28T10:16:16Z","Articulated_Truck_1","Misc","Air Filter Pressure","35"
"17","2022-06-27T23:49:20Z","Backhoe_Loader_1","Fuel","Water in Fuel","1230"
"19","2022-05-21T12:46:28Z","Excavator_1","Misc","Hydraulic Pump Rate","96"
"40","2022-05-12T04:55:54Z","Articulated_Truck_1","Misc","Air Filter Pressure","36"
"39","2022-06-04T02:56:03Z","Dozer_1","Fuel","Water in Fuel","348"
"17","2022-05-09T05:29:27Z","Backhoe_Loader_1","Drive","Brake Control","2"
"3","2022-05-07T16:15:39Z","Excavator_1","Engine","Oil Pressure","59"
"6","2022-06-28T13:49:14Z","Dozer_1","Engine","Oil Pressure","61"
"10","2022-05-09T09:14:01Z","Articulated_Truck_1","Engine","Speed","1800"
"23","2022-05-30T05:05:19Z","Excavator_1","Engine","Speed","1593"
"6","2022-05-06T05:00:42Z","Excavator_1","Drive","Transmission Pressure","255"
"33","2022-06-18T12:26:52Z","Articulated_Truck_1","Misc","System Voltage","15.1"
"48","2022-06-25T16:29:17Z","Dozer_1","Engine","Temparature","104"
"47","2022-05-24T05:15:47Z","Dozer_1","Drive","Brake Control","3"
"23","2022-06-26T09:05:19Z","Excavator_1","Fuel","Temparature","300"
"4","2022-05-22T23:13:12Z","Excavator_1","Fuel","Pressure","43"
"35","2022-06-06T11:23:40Z","Articulated_Truck_1","Fuel","Water in Fuel","144"
"40","2022-05-12T07:55:15Z","Excavator_1","Engine","Temparature","75"
"15","2022-06-13T06:03:10Z","Dozer_1","Drive","Transmission Pressure","253"
"46","2022-05-03T22:05:15Z","Dozer_1","Misc","Exhaust Gas Temparature","291"
"45","2022-06-21T16:34:04Z","Backhoe_Loader_1","Misc","System Voltage","14.78"
"10","2022-05-27T15:05:19Z","Backhoe_Loader_1","Misc","Exhaust Gas Temparature","354"
"23","2022-06-25T08:31:34Z","Dozer_1","Drive","Transmission Pressure","450"
"31","2022-06-21T14:37:28Z","Articulated_Truck_1","Misc","Hydraulic Pump Rate","118"
"6","2022-06-03T18:21:34Z","Excavator_1","Fuel","Level","10"
"25","2022-06-14T01:45:54Z","Dozer_1","Drive","Transmission Pressure","435"
"28","2022-06-01T18:40:22Z","Dozer_1","Fuel","Pressure","54"
"36","2022-06-30T05:14:36Z","Backhoe_Loader_1","Drive","Brake Control","4"
"19","2022-05-16T16:26:30Z","Excavator_1","Drive","Brake Control","8"
"21","2022-06-06T19:04:15Z","Excavator_1","Engine","Speed","1712"
"44","2022-06-16T04:04:33Z","Excavator_1","Misc","Air Filter Pressure","31"
"20","2022-06-21T14:25:38Z","Dozer_1","Engine","Oil Pressure","54"
"43","2022-05-29T10:08:51Z","Articulated_Truck_1","Drive","Transmission Pressure","300"
"4","2022-05-16T08:00:59Z","Dozer_1","Engine","Temparature","89"
"42","2022-05-09T09:11:26Z","Dozer_1","Fuel","Water in Fuel","1179"
"45","2022-06-26T05:57:26Z","Articulated_Truck_1","Drive","Transmission Pressure","369"
"19","2022-06-20T13:46:58Z","Articulated_Truck_1","Engine","Speed","1650"
"8","2022-05-05T11:01:26Z","Dozer_1","Misc","Air Filter Pressure","21"
"24","2022-05-04T04:55:48Z","Excavator_1","Fuel","Pressure","37"
"40","2022-06-09T16:33:46Z","Backhoe_Loader_1","Engine","Temparature","93"
"36","2022-05-15T14:06:56Z","Dozer_1","Misc","Air Filter Pressure","26"
"23","2022-06-09T23:05:39Z","Articulated_Truck_1","Drive","Transmission Pressure","321"
"50","2022-06-06T13:37:24Z","Dozer_1","Misc","Exhaust Gas Temparature","300"
"47","2022-06-14T04:29:38Z","Dozer_1","Misc","Hydraulic Pump Rate","119"
"10","2022-06-19T18:36:52Z","Excavator_1","Engine","Speed","1760"
"14","2022-06-20T09:17:11Z","Articulated_Truck_1","Fuel","Level","9"
"25","2022-05-02T17:27:26Z","Backhoe_Loader_1","Misc","System Voltage","14.35"
"45","2022-05-13T23:56:07Z","Excavator_1","Fuel","Pressure","37"
"22","2022-06-21T03:15:52Z","Articulated_Truck_1","Misc","Exhaust Gas Temparature","210"
"47","2022-06-03T00:49:50Z","Backhoe_Loader_1","Engine","Oil Pressure","26"
"28","2022-05-08T10:59:39Z","Backhoe_Loader_1","Drive","Brake Control","2"
"4","2022-06-05T00:21:58Z","Excavator_1","Misc","Air Filter Pressure","22"
"13","2022-06-10T15:00:35Z","Backhoe_Loader_1","Engine","Temparature","79"
"20","2022-06-14T12:34:19Z","Backhoe_Loader_1","Misc","Air Filter Pressure","23"
"16","2022-06-22T02:38:08Z","Backhoe_Loader_1","Engine","Speed","1744"
"29","2022-06-22T14:04:56Z","Articulated_Truck_1","Misc","System Voltage","13.3"
"23","2022-05-09T15:32:27Z","Backhoe_Loader_1","Engine","Speed","1422"
"21","2022-05-29T16:46:08Z","Articulated_Truck_1","Misc","System Voltage","14.7"
"31","2022-05-16T23:49:29Z","Backhoe_Loader_1","Fuel","Water in Fuel","393"
"50","2022-06-07T09:20:30Z","Backhoe_Loader_1","Misc","Exhaust Gas Temparature","199"
"24","2022-06-02T22:34:24Z","Dozer_1","Misc","Air Filter Pressure","20"
"13","2022-06-04T18:32:04Z","Dozer_1","Fuel","Water in Fuel","231"
"29","2022-05-14T13:38:51Z","Backhoe_Loader_1","Engine","Temparature","87"
"28","2022-06-07T12:07:56Z","Articulated_Truck_1","Misc","Air Filter Pressure","33"
"31","2022-05-24T09:35:36Z","Excavator_1","Misc","Hydraulic Pump Rate","102"
"49","2022-06-02T02:02:04Z","Excavator_1","Drive","Brake Control","7"
"19","2022-06-04T19:05:47Z","Excavator_1","Fuel","Temparature","295"
"24","2022-06-30T05:18:25Z","Backhoe_Loader_1","Misc","Air Filter Pressure","23"
"26","2022-06-06T02:45:28Z","Dozer_1","Engine","Temparature","89"
"45","2022-06-07T19:16:44Z","Backhoe_Loader_1","Engine","Speed","1398"
"32","2022-05-18T07:43:11Z","Backhoe_Loader_1","Drive","Transmission Pressure","377"
"9","2022-06-16T18:04:01Z","Articulated_Truck_1","Drive","Brake Control","3"
"48","2022-05-06T18:11:27Z","Articulated_Truck_1","Fuel","Temparature","0"
"31","2022-06-18T12:33:03Z","Dozer_1","Engine","Oil Pressure","50"
"27","2022-06-27T14:43:40Z","Articulated_Truck_1","Misc","Hydraulic Pump Rate","119"
"7","2022-06-19T05:59:36Z","Dozer_1","Misc","Hydraulic Pump Rate","119"
"14","2022-05-21T20:03:16Z","Articulated_Truck_1","Misc","Exhaust Gas Temparature","265"
"2","2022-06-01T06:08:22Z","Dozer_1","Drive","Transmission Pressure","337"
"29","2022-06-20T12:34:34Z","Backhoe_Loader_1","Fuel","Water in Fuel","1785"
"21","2022-06-12T05:42:56Z","Dozer_1","Engine","Speed","1398"
"14","2022-05-29T13:59:44Z","Dozer_1","Engine","Oil Pressure","50"
"24","2022-06-23T02:05:25Z","Dozer_1","Engine","Temparature","95"
"25","2022-05-18T23:31:09Z","Backhoe_Loader_1","Engine","Oil Pressure","55"
"5","2022-06-24T17:00:51Z","Dozer_1","Engine","Speed","1456"
"22","2022-06-03T22:35:39Z","Backhoe_Loader_1","Engine","Oil Pressure","39"
"15","2022-06-14T16:03:35Z","Articulated_Truck_1","Engine","Temparature","100"
"27","2022-06-09T15:48:46Z","Articulated_Truck_1","Fuel","Temparature","0"
"8","2022-05-18T16:12:39Z","Backhoe_Loader_1","Misc","Air Filter Pressure","27"
"46","2022-05-01T06:33:20Z","Backhoe_Loader_1","Misc","Exhaust Gas Temparature","297"
"9","2022-06-18T10:48:23Z","Articulated_Truck_1","Engine","Oil Pressure","64"
"12","2022-05-12T21:22:48Z","Excavator_1","Fuel","Pressure","35"
"14","2022-05-28T05:42:44Z","Dozer_1","Fuel","Level","6"
"18","2022-05-09T01:20:26Z","Dozer_1","Fuel","Level","3"
"41","2022-05-10T04:13:09Z","Dozer_1","Fuel","Level","5"
"5","2022-06-19T00:00:52Z","Backhoe_Loader_1","Fuel","Water in Fuel","125"
"43","2022-05-27T18:46:04Z","Dozer_1","Fuel","Level","2"
"29","2022-05-10T05:58:45Z","Backhoe_Loader_1","Drive","Brake Control","8"
"5","2022-05-29T00:32:05Z","Excavator_1","Drive","Pedal Sensor","3.73"
"21","2022-06-06T17:28:15Z","Backhoe_Loader_1","Drive","Transmission Pressure","404"
"46","2022-05-28T12:10:01Z","Dozer_1","Drive","Pedal Sensor","4.98"
"38","2022-06-03T14:43:07Z","Excavator_1","Misc","Exhaust Gas Temparature","348"
"23","2022-06-21T05:32:11Z","Backhoe_Loader_1","Misc","Hydraulic Pump Rate","96"
"1","2022-05-12T09:47:44Z","Articulated_Truck_1","Engine","Speed","1700"
"12","2022-05-14T09:28:28Z","Excavator_1","Drive","Pedal Sensor","4.54"
"3","2022-05-15T18:09:14Z","Dozer_1","Fuel","Temparature","298"
"40","2022-05-11T14:11:38Z","Excavator_1","Misc","Air Filter Pressure","20"
"40","2022-06-15T17:27:20Z","Backhoe_Loader_1","Misc","Air Filter Pressure","23"
"11","2022-05-06T16:01:26Z","Articulated_Truck_1","Misc","Hydraulic Pump Rate","110"
"5","2022-06-20T12:05:53Z","Excavator_1","Misc","System Voltage","13.76"
"16","2022-05-23T01:33:32Z","Articulated_Truck_1","Engine","Speed","1455"
"35","2022-05-03T17:36:01Z","Excavator_1","Misc","Hydraulic Pump Rate","120"
"28","2022-05-19T19:47:20Z","Excavator_1","Misc","Air Filter Pressure","35"
"46","2022-06-30T03:37:30Z","Dozer_1","Engine","Temparature","89"
"20","2022-05-25T02:23:13Z","Excavator_1","Fuel","Pressure","45"
"7","2022-05-28T23:52:38Z","Articulated_Truck_1","Engine","Temparature","80"
"45","2022-05-25T09:44:21Z","Backhoe_Loader_1","Fuel","Pressure","44"
"44","2022-05-05T09:52:26Z","Backhoe_Loader_1","Misc","Air Filter Pressure","29"
"20","2022-06-09T03:52:58Z","Articulated_Truck_1","Fuel","Pressure","62"
"3","2022-06-01T18:55:45Z","Articulated_Truck_1","Engine","Oil Pressure","60"
"7","2022-05-14T13:26:37Z","Excavator_1","Misc","Hydraulic Pump Rate","92"
"16","2022-05-17T20:48:22Z","Dozer_1","Misc","Air Filter Pressure","31"
"25","2022-06-17T23:54:14Z","Articulated_Truck_1","Misc","System Voltage","14.9"
"18","2022-05-16T21:44:23Z","Backhoe_Loader_1","Engine","Temparature","93"
"11","2022-05-06T20:00:16Z","Excavator_1","Drive","Transmission Pressure","443"
"15","2022-05-12T03:24:44Z","Dozer_1","Misc","Hydraulic Pump Rate","111"
"10","2022-05-27T18:48:48Z","Backhoe_Loader_1","Drive","Brake Control","9"
"18","2022-06-12T14:23:46Z","Dozer_1","Drive","Brake Control","2"
"50","2022-05-24T13:05:02Z","Dozer_1","Drive","Transmission Pressure","444"
"6","2022-06-29T02:58:38Z","Articulated_Truck_1","Drive","Transmission Pressure","375"
"19","2022-06-20T02:33:46Z","Backhoe_Loader_1","Engine","Speed","1666"
"19","2022-06-24T02:03:36Z","Articulated_Truck_1","Drive","Brake Control","4"
"17","2022-06-06T23:08:28Z","Dozer_1","Fuel","Water in Fuel","1210"
"30","2022-05-13T08:52:53Z","Dozer_1","Misc","Exhaust Gas Temparature","353"
"11","2022-06-28T19:18:20Z","Articulated_Truck_1","Fuel","Temparature","0"
"10","2022-06-24T09:38:45Z","Articulated_Truck_1","Fuel","Level","9"
"37","2022-06-23T05:33:32Z","Excavator_1","Engine","Temparature","92"
"50","2022-06-21T13:02:07Z","Dozer_1","Engine","Oil Pressure","64"
"20","2022-06-28T05:59:38Z","Backhoe_Loader_1","Drive","Brake Control","9"
"26","2022-05-02T04:59:29Z","Excavator_1","Misc","Exhaust Gas Temparature","345"
"48","2022-06-21T08:14:33Z","Backhoe_Loader_1","Fuel","Temparature","316"
"21","2022-05-25T08:41:35Z","Excavator_1","Fuel","Water in Fuel","263"
"17","2022-05-13T19:38:08Z","Backhoe_Loader_1","Engine","Oil Pressure","40"
"41","2022-06-06T13:10:26Z","Excavator_1","Fuel","Level","3"
"22","2022-06-25T20:18:23Z","Articulated_Truck_1","Engine","Oil Pressure","65"
"7","2022-05-09T12:13:56Z","Dozer_1","Drive","Pedal Sensor","3.63"
"1","2022-06-28T23:08:17Z","Dozer_1","Drive","Brake Control","7"
"40","2022-06-28T18:33:06Z","Excavator_1","Fuel","Level","6"
"43","2022-05-20T15:01:58Z","Excavator_1","Drive","Transmission Pressure","275"
"22","2022-05-02T07:48:17Z","Excavator_1","Misc","Exhaust Gas Temparature","240"
"18","2022-06-23T07:57:30Z","Excavator_1","Fuel","Level","6"
"16","2022-05-10T14:45:14Z","Backhoe_Loader_1","Misc","Air Filter Pressure","27"
"6","2022-05-04T21:10:32Z","Dozer_1","Misc","Exhaust Gas Temparature","368"
"25","2022-06-30T22:11:36Z","Articulated_Truck_1","Fuel","Water in Fuel","112"
"42","2022-06-30T03:23:08Z","Excavator_1","Drive","Pedal Sensor","4.77"
"36","2022-05-16T17:11:50Z","Dozer_1","Drive","Brake Control","10"
"15","2022-06-28T11:29:13Z","Backhoe_Loader_1","Engine","Temparature","93"
"46","2022-06-18T17:38:32Z","Dozer_1","Fuel","Water in Fuel","1031"
"11","2022-05-07T18:50:08Z","Backhoe_Loader_1","Drive","Transmission Pressure","385"
"3","2022-06-19T04:00:29Z","Articulated_Truck_1","Misc","Hydraulic Pump Rate","115"
"43","2022-05-07T01:46:19Z","Excavator_1","Fuel","Level","9"
"27","2022-06-22T07:08:06Z","Excavator_1","Engine","Speed","1683"
"35","2022-06-12T09:01:03Z","Dozer_1","Drive","Pedal Sensor","3.65"
"11","2022-06-26T04:18:32Z","Excavator_1","Fuel","Temparature","389"
"26","2022-06-18T19:57:25Z","Dozer_1","Misc","Exhaust Gas Temparature","228"
"20","2022-06-15T16:45:30Z","Articulated_Truck_1","Misc","Air Filter Pressure","29"
"18","2022-06-07T02:38:27Z","Articulated_Truck_1","Fuel","Level","7"
"47","2022-06-26T10:29:44Z","Backhoe_Loader_1","Drive","Brake Control","8"
"7","2022-05-22T15:47:34Z","Backhoe_Loader_1","Drive","Pedal Sensor","3.81"
"39","2022-05-09T08:23:43Z","Articulated_Truck_1","Engine","Oil Pressure","46"
"26","2022-05-29T05:21:41Z","Backhoe_Loader_1","Misc","Exhaust Gas Temparature","265"
"10","2022-06-06T17:21:56Z","Dozer_1","Engine","Speed","1581"
"31","2022-06-13T19:53:39Z","Articulated_Truck_1","Drive","Pedal Sensor","3.7"
"30","2022-06-24T15:39:38Z","Excavator_1","Drive","Transmission Pressure","274"
"15","2022-06-29T01:08:01Z","Articulated_Truck_1","Drive","Transmission Pressure","337"
"30","2022-06-04T22:21:26Z","Articulated_Truck_1","Fuel","Level","4"
"44","2022-05-01T15:13:41Z","Dozer_1","Drive","Pedal Sensor","4.24"
"6","2022-06-23T17:33:09Z","Backhoe_Loader_1","Drive","Transmission Pressure","376"
"7","2022-05-05T13:18:09Z","Excavator_1","Drive","Pedal Sensor","3.27"
"37","2022-06-15T00:53:57Z","Dozer_1","Engine","Temparature","89"
"44","2022-05-15T18:00:32Z","Articulated_Truck_1","Engine","Oil Pressure","44"
"20","2022-05-19T10:27:24Z","Excavator_1","Engine","Oil Pressure","58"
"14","2022-05-09T12:01:34Z","Backhoe_Loader_1","Misc","Exhaust Gas Temparature","364"
"21","2022-05-28T06:46:43Z","Dozer_1","Fuel","Water in Fuel","1491"
"29","2022-05-23T18:32:35Z","Dozer_1","Misc","System Voltage","13.42"
"9","2022-05-03T12:48:06Z","Dozer_1","Drive","Brake Control","5"
"14","2022-05-10T02:55:24Z","Excavator_1","Fuel","Level","4"
"11","2022-05-29T10:17:50Z","Dozer_1","Misc","Hydraulic Pump Rate","120"
"4","2022-06-25T22:35:06Z","Dozer_1","Misc","Air Filter Pressure","34"
"43","2022-06-02T08:59:33Z","Backhoe_Loader_1","Misc","Hydraulic Pump Rate","82"
"29","2022-06-14T19:10:37Z","Excavator_1","Drive","Brake Control","1"
"9","2022-05-20T11:47:05Z","Backhoe_Loader_1","Engine","Oil Pressure","49"
"16","2022-05-21T01:03:05Z","Articulated_Truck_1","Misc","Air Filter Pressure","27"
"19","2022-05-26T00:09:14Z","Dozer_1","Fuel","Temparature","377"
"24","2022-06-14T08:05:06Z","Articulated_Truck_1","Drive","Pedal Sensor","4.5"
"23","2022-06-18T19:07:58Z","Articulated_Truck_1","Misc","Hydraulic Pump Rate","123"
"44","2022-05-21T16:46:11Z","Excavator_1","Fuel","Temparature","260"
"27","2022-05-26T21:27:20Z","Articulated_Truck_1","Engine","Speed","1470"
"35","2022-05-27T13:21:34Z","Excavator_1","Engine","Temparature","79"
"21","2022-06-02T11:18:05Z","Articulated_Truck_1","Engine","Speed","1640"
"26","2022-06-16T14:33:51Z","Excavator_1","Fuel","Level","9"
"32","2022-05-11T06:13:36Z","Dozer_1","Engine","Speed","1558"
"21","2022-06-24T04:29:18Z","Backhoe_Loader_1","Misc","System Voltage","15.03"
"28","2022-05-18T19:01:02Z","Dozer_1","Engine","Oil Pressure","38"
"11","2022-06-10T14:57:19Z","Dozer_1","Fuel","Temparature","247"
"9","2022-05-26T20:01:50Z","Backhoe_Loader_1","Misc","System Voltage","13.52"
"30","2022-06-11T11:19:44Z","Backhoe_Loader_1","Drive","Transmission Pressure","256"
"45","2022-05-05T04:52:00Z","Articulated_Truck_1","Fuel","Pressure","44"
"39","2022-05-03T14:03:10Z","Excavator_1","Engine","Oil Pressure","41"
"5","2022-05-22T12:43:51Z","Backhoe_Loader_1","Misc","System Voltage","15.00"
"43","2022-06-20T17:33:12Z","Articulated_Truck_1","Fuel","Level","4"
"18","2022-06-29T22:26:12Z","Excavator_1","Misc","Exhaust Gas Temparature","213"
"25","2022-05-03T06:45:54Z","Dozer_1","Misc","System Voltage","15.00"
"33","2022-05-01T04:00:38Z","Dozer_1","Engine","Oil Pressure","62"
"13","2022-06-16T09:20:12Z","Backhoe_Loader_1","Fuel","Water in Fuel","387"
"9","2022-05-11T08:31:41Z","Excavator_1","Engine","Oil Pressure","60"
"26","2022-06-07T18:45:02Z","Dozer_1","Drive","Pedal Sensor","3.87"
"38","2022-06-15T03:59:22Z","Dozer_1","Misc","Exhaust Gas Temparature","309"
"3","2022-05-27T06:31:30Z","Excavator_1","Misc","Hydraulic Pump Rate","124"
"9","2022-05-30T14:08:01Z","Dozer_1","Engine","Oil Pressure","25"
"50","2022-05-21T16:36:24Z","Excavator_1","Drive","Transmission Pressure","363"
"33","2022-05-13T05:53:12Z","Excavator_1","Fuel","Temparature","352"
"41","2022-05-06T01:09:58Z","Excavator_1","Misc","System Voltage","15.15"
"9","2022-05-18T21:05:23Z","Excavator_1","Fuel","Water in Fuel","422"
"16","2022-06-02T17:40:47Z","Dozer_1","Drive","Pedal Sensor","3.16"
"3","2022-06-29T22:33:09Z","Backhoe_Loader_1","Misc","Hydraulic Pump Rate","95"
"1","2022-06-29T22:23:48Z","Excavator_1","Drive","Brake Control","9"
"34","2022-06-21T04:35:53Z","Backhoe_Loader_1","Drive","Transmission Pressure","433"
"9","2022-05-20T12:23:14Z","Backhoe_Loader_1","Fuel","Water in Fuel","1697"
"17","2022-05-10T15:23:39Z","Excavator_1","Drive","Brake Control","4"
"29","2022-05-08T22:00:34Z","Excavator_1","Engine","Temparature","87"
"32","2022-06-20T05:53:54Z","Excavator_1","Drive","Transmission Pressure","397"
"33","2022-06-07T12:29:39Z","Dozer_1","Drive","Pedal Sensor","4.46"
"17","2022-06-05T03:39:07Z","Dozer_1","Engine","Oil Pressure","43"
"28","2022-05-17T08:03:15Z","Articulated_Truck_1","Fuel","Pressure","59"
"11","2022-06-20T09:55:41Z","Backhoe_Loader_1","Engine","Oil Pressure","47"
"34","2022-05-27T20:00:46Z","Articulated_Truck_1","Misc","Exhaust Gas Temparature","177"
"48","2022-06-22T06:00:32Z","Dozer_1","Fuel","Temparature","308"
"26","2022-05-15T22:43:29Z","Backhoe_Loader_1","Fuel","Level","5"
"29","2022-05-06T09:45:34Z","Articulated_Truck_1","Fuel","Water in Fuel","119"
"35","2022-05-25T10:00:04Z","Articulated_Truck_1","Drive","Pedal Sensor","3.6"
"16","2022-05-22T07:50:03Z","Backhoe_Loader_1","Fuel","Pressure","57"
"15","2022-05-23T21:06:15Z","Excavator_1","Drive","Transmission Pressure","381"
"41","2022-05-23T11:09:49Z","Backhoe_Loader_1","Misc","System Voltage","13.63"
"9","2022-05-26T18:34:09Z","Articulated_Truck_1","Fuel","Water in Fuel","73"
"40","2022-05-01T00:19:55Z","Dozer_1","Drive","Transmission Pressure","291"
"48","2022-06-21T04:13:43Z","Backhoe_Loader_1","Misc","Air Filter Pressure","34"
"16","2022-05-04T05:16:55Z","Excavator_1","Engine","Speed","1664"
"28","2022-06-07T11:31:30Z","Articulated_Truck_1","Engine","Oil Pressure","36"
"35","2022-05-27T22:00:52Z","Dozer_1","Misc","Hydraulic Pump Rate","108"
"47","2022-05-25T10:28:22Z","Dozer_1","Engine","Oil Pressure","26"
"46","2022-06-17T13:33:21Z","Backhoe_Loader_1","Drive","Pedal Sensor","4.93"
"50","2022-05-09T03:25:11Z","Excavator_1","Misc","Exhaust Gas Temparature","262"
"13","2022-05-15T22:24:54Z","Articulated_Truck_1","Engine","Temparature","90"
"8","2022-05-01T19:51:35Z","Articulated_Truck_1","Engine","Speed","1600"
"50","2022-06-26T11:10:48Z","Dozer_1","Fuel","Water in Fuel","1368"
"8","2022-06-04T22:55:47Z","Backhoe_Loader_1","Drive","Brake Control","3"
"6","2022-06-07T14:19:48Z","Articulated_Truck_1","Fuel","Level","9"
"1","2022-06-27T21:17:21Z","Excavator_1","Fuel","Water in Fuel","434"
"27","2022-05-20T19:45:15Z","Backhoe_Loader_1","Drive","Brake Control","5"
"38","2022-06-01T07:11:20Z","Dozer_1","Fuel","Pressure","55"
"27","2022-06-21T17:17:53Z","Articulated_Truck_1","Drive","Brake Control","8"
"43","2022-05-27T23:04:57Z","Dozer_1","Drive","Transmission Pressure","348"
"46","2022-06-11T03:09:49Z","Articulated_Truck_1","Misc","Exhaust Gas Temparature","182"
"15","2022-05-30T23:01:49Z","Excavator_1","Fuel","Temparature","318"
"47","2022-05-24T13:39:39Z","Excavator_1","Fuel","Level","2"
"24","2022-05-26T07:34:57Z","Backhoe_Loader_1","Drive","Pedal Sensor","3.11"
"41","2022-05-05T00:26:58Z","Dozer_1","Drive","Transmission Pressure","264"
"37","2022-06-28T18:23:11Z","Dozer_1","Misc","System Voltage","12.54"
"2","2022-06-29T18:42:51Z","Excavator_1","Engine","Temparature","93"
"8","2022-05-07T00:43:42Z","Excavator_1","Fuel","Pressure","36"
"36","2022-06-26T04:53:04Z","Articulated_Truck_1","Drive","Brake Control","2"
"40","2022-05-12T16:25:45Z","Dozer_1","Fuel","Level","7"
"29","2022-05-26T21:41:34Z","Excavator_1","Fuel","Water in Fuel","140"
"29","2022-05-25T20:53:21Z","Dozer_1","Engine","Temparature","103"
"2","2022-06-14T15:29:27Z","Backhoe_Loader_1","Drive","Transmission Pressure","219"
"41","2022-05-05T09:59:11Z","Articulated_Truck_1","Engine","Speed","1700"
"41","2022-05-26T08:54:24Z","Dozer_1","Misc","System Voltage","13.41"
"13","2022-06-09T06:04:51Z","Excavator_1","Misc","System Voltage","12.28"
"12","2022-05-05T21:50:28Z","Backhoe_Loader_1","Drive","Pedal Sensor","4.48"
"39","2022-05-20T22:52:31Z","Articulated_Truck_1","Drive","Pedal Sensor","3.8"
"41","2022-06-23T02:41:50Z","Articulated_Truck_1","Drive","Transmission Pressure","377"
"4","2022-06-23T05:12:43Z","Backhoe_Loader_1","Misc","Air Filter Pressure","30"
"16","2022-05-19T21:20:48Z","Excavator_1","Fuel","Pressure","50"
"24","2022-06-06T07:17:54Z","Dozer_1","Drive","Pedal Sensor","3.93"
"30","2022-05-12T23:43:31Z","Backhoe_Loader_1","Engine","Speed","1435"
"44","2022-05-17T23:32:45Z","Excavator_1","Drive","Pedal Sensor","4.58"
"32","2022-06-08T08:29:18Z","Backhoe_Loader_1","Fuel","Level","5"
"14","2022-05-30T21:15:56Z","Excavator_1","Engine","Oil Pressure","37"
"17","2022-05-25T00:08:12Z","Excavator_1","Fuel","Water in Fuel","1760"
"26","2022-05-02T05:23:23Z","Backhoe_Loader_1","Drive","Pedal Sensor","3.06"
"25","2022-05-15T19:10:41Z","Excavator_1","Drive","Transmission Pressure","280"
"35","2022-05-09T03:24:39Z","Articulated_Truck_1","Misc","Hydraulic Pump Rate","117"
"15","2022-05-23T04:38:41Z","Articulated_Truck_1","Fuel","Temparature","0"
"46","2022-06-24T18:48:40Z","Articulated_Truck_1","Drive","Pedal Sensor","3.2"
"47","2022-06-07T09:31:59Z","Excavator_1","Engine","Oil Pressure","40"
"14","2022-05-12T20:40:04Z","Dozer_1","Drive","Pedal Sensor","4.43"
"11","2022-05-19T07:13:01Z","Excavator_1","Misc","Hydraulic Pump Rate","105"
"3","2022-06-12T21:23:01Z","Dozer_1","Misc","Hydraulic Pump Rate","122"
"10","2022-05-01T20:42:30Z","Backhoe_Loader_1","Fuel","Level","8"
"27","2022-06-25T02:18:23Z","Dozer_1","Misc","Hydraulic Pump Rate","85"
"40","2022-06-14T18:31:14Z","Dozer_1","Misc","Air Filter Pressure","31"
"47","2022-06-14T19:44:22Z","Excavator_1","Drive","Brake Control","3"
"34","2022-05-13T07:29:59Z","Articulated_Truck_1","Fuel","Pressure","71"
"39","2022-05-05T20:47:28Z","Backhoe_Loader_1","Engine","Oil Pressure","49"
"43","2022-06-08T17:13:22Z","Articulated_Truck_1","Misc","Hydraulic Pump Rate","106"
"2","2022-06-22T10:39:35Z","Backhoe_Loader_1","Engine","Temparature","75"
"4","2022-06-17T07:14:41Z","Dozer_1","Drive","Transmission Pressure","246"
"11","2022-05-22T01:06:23Z","Dozer_1","Engine","Oil Pressure","28"
"44","2022-06-30T22:32:17Z","Backhoe_Loader_1","Engine","Oil Pressure","36"
"38","2022-05-12T05:24:54Z","Backhoe_Loader_1","Fuel","Pressure","56"
"30","2022-06-10T00:01:20Z","Dozer_1","Engine","Speed","1654"
"44","2022-05-23T00:22:18Z","Excavator_1","Engine","Oil Pressure","58"
"7","2022-05-12T08:33:48Z","Dozer_1","Engine","Temparature","91"
"41","2022-05-21T19:51:54Z","Articulated_Truck_1","Fuel","Level","6"
"28","2022-06-18T09:59:13Z","Backhoe_Loader_1","Misc","Air Filter Pressure","22"
"16","2022-05-23T15:44:44Z","Excavator_1","Misc","Air Filter Pressure","23"
"12","2022-06-24T01:28:37Z","Excavator_1","Misc","Air Filter Pressure","22"
"46","2022-06-11T19:02:43Z","Articulated_Truck_1","Engine","Temparature","102"
"32","2022-05-07T00:11:56Z","Excavator_1","Engine","Speed","1541"
"16","2022-06-16T12:45:16Z","Backhoe_Loader_1","Drive","Pedal Sensor","4.88"
"27","2022-05-07T16:33:54Z","Excavator_1","Misc","Hydraulic Pump Rate","85"
"2","2022-05-06T20:48:50Z","Dozer_1","Engine","Temparature","91"
"7","2022-05-13T22:39:16Z","Excavator_1","Fuel","Temparature","287"
"45","2022-06-12T13:22:15Z","Excavator_1","Misc","System Voltage","13.28"
"26","2022-05-18T13:07:07Z","Excavator_1","Drive","Pedal Sensor","3.86"
"40","2022-05-19T23:24:02Z","Articulated_Truck_1","Fuel","Level","7"
"18","2022-06-25T14:13:54Z","Backhoe_Loader_1","Misc","Exhaust Gas Temparature","298"
"3","2022-05-20T20:12:30Z","Articulated_Truck_1","Drive","Pedal Sensor","4.2"
"10","2022-05-05T21:47:49Z","Dozer_1","Misc","Exhaust Gas Temparature","347"
"22","2022-06-02T18:29:57Z","Dozer_1","Drive","Pedal Sensor","3.70"
"12","2022-06-29T13:37:42Z","Articulated_Truck_1","Fuel","Pressure","56"
"15","2022-05-11T11:58:00Z","Excavator_1","Misc","Hydraulic Pump Rate","77"
"33","2022-05-10T15:44:15Z","Excavator_1","Drive","Pedal Sensor","4.33"
"1","2022-05-14T21:15:29Z","Dozer_1","Misc","System Voltage","13.25"
"38","2022-05-09T04:20:54Z","Articulated_Truck_1","Engine","Speed","1870"
"30","2022-05-29T20:14:17Z","Excavator_1","Fuel","Level","3"
"33","2022-05-21T00:11:51Z","Backhoe_Loader_1","Misc","System Voltage","15.05"
"1","2022-05-23T10:00:10Z","Articulated_Truck_1","Misc","System Voltage","12.6"
"36","2022-05-13T11:20:36Z","Articulated_Truck_1","Misc","Air Filter Pressure","32"
"37","2022-05-08T18:20:43Z","Excavator_1","Fuel","Temparature","348"
"10","2022-06-07T11:45:49Z","Excavator_1","Drive","Brake Control","10"
"16","2022-06-21T03:11:17Z","Excavator_1","Drive","Pedal Sensor","3.69"
"49","2022-05-23T02:47:05Z","Articulated_Truck_1","Misc","System Voltage","14.8"
"50","2022-05-23T10:33:40Z","Articulated_Truck_1","Misc","Exhaust Gas Temparature","176"
"41","2022-05-27T23:52:49Z","Excavator_1","Drive","Transmission Pressure","274"
"48","2022-06-01T05:07:12Z","Articulated_Truck_1","Misc","Air Filter Pressure","35"
"5","2022-05-28T03:30:19Z","Dozer_1","Drive","Pedal Sensor","4.78"
"43","2022-06-20T20:27:46Z","Backhoe_Loader_1","Drive","Transmission Pressure","210"
"15","2022-05-13T07:50:37Z","Dozer_1","Engine","Temparature","95"
"45","2022-05-02T11:25:12Z","Dozer_1","Drive","Transmission Pressure","302"
"49","2022-05-26T10:26:09Z","Dozer_1","Drive","Brake Control","5"
"49","2022-05-03T11:34:13Z","Articulated_Truck_1","Fuel","Pressure","49"
"42","2022-05-06T23:38:54Z","Dozer_1","Misc","Exhaust Gas Temparature","366"
"5","2022-06-23T06:41:21Z","Backhoe_Loader_1","Engine","Speed","1390"
"8","2022-05-09T12:19:43Z","Excavator_1","Engine","Speed","1573"
"35","2022-06-03T19:30:59Z","Backhoe_Loader_1","Fuel","Water in Fuel","1325"
"25","2022-06-01T09:23:40Z","Dozer_1","Fuel","Water in Fuel","1369"
"36","2022-06-11T02:51:43Z","Dozer_1","Engine","Oil Pressure","52"
"18","2022-05-20T06:13:45Z","Articulated_Truck_1","Drive","Brake Control","8"
"36","2022-06-19T13:23:43Z","Backhoe_Loader_1","Misc","Air Filter Pressure","27"
"35","2022-05-04T23:37:30Z","Dozer_1","Fuel","Water in Fuel","1737"
"15","2022-06-27T01:47:15Z","Dozer_1","Fuel","Temparature","326"
"46","2022-06-19T19:04:47Z","Backhoe_Loader_1","Engine","Temparature","86"
"12","2022-06-22T21:04:58Z","Dozer_1","Drive","Pedal Sensor","4.69"
"35","2022-05-21T09:27:46Z","Backhoe_Loader_1","Drive","Pedal Sensor","4.99"
"10","2022-05-05T15:16:55Z","Dozer_1","Fuel","Level","3"
"30","2022-05-29T02:53:16Z","Articulated_Truck_1","Engine","Speed","1250"
"18","2022-05-25T00:20:39Z","Articulated_Truck_1","Misc","Exhaust Gas Temparature","240"
"31","2022-05-30T21:58:48Z","Articulated_Truck_1","Engine","Oil Pressure","25"
"28","2022-05-30T09:46:13Z","Dozer_1","Drive","Brake Control","6"
"23","2022-06-27T22:36:32Z","Dozer_1","Engine","Speed","1497"
"8","2022-05-29T19:50:57Z","Excavator_1","Misc","Air Filter Pressure","27"
"6","2022-05-23T18:45:54Z","Backhoe_Loader_1","Fuel","Level","5"
"27","2022-06-26T02:09:12Z","Excavator_1","Drive","Brake Control","8"
"48","2022-06-29T23:42:04Z","Backhoe_Loader_1","Engine","Temparature","90"
"4","2022-06-09T03:45:26Z","Backhoe_Loader_1","Engine","Temparature","82"
"43","2022-06-24T17:24:43Z","Backhoe_Loader_1","Engine","Speed","1434"
"30","2022-05-11T19:09:41Z","Backhoe_Loader_1","Fuel","Level","6"
"33","2022-05-26T01:00:34Z","Dozer_1","Fuel","Temparature","212"
"30","2022-05-22T12:35:16Z","Articulated_Truck_1","Drive","Transmission Pressure","267"
"9","2022-05-02T13:13:33Z","Backhoe_Loader_1","Drive","Brake Control","6"
"48","2022-06-09T07:18:36Z","Excavator_1","Drive","Brake Control","4"
"13","2022-05-28T06:14:45Z","Articulated_Truck_1","Misc","System Voltage","14.1"
"23","2022-05-11T14:50:34Z","Excavator_1","Misc","Hydraulic Pump Rate","80"
"14","2022-06-09T19:43:49Z","Excavator_1","Drive","Pedal Sensor","4.88"
"11","2022-05-06T07:56:22Z","Dozer_1","Drive","Transmission Pressure","394"
"46","2022-05-08T11:26:43Z","Excavator_1","Drive","Pedal Sensor","4.88"
"19","2022-05-30T19:30:06Z","Dozer_1","Misc","Hydraulic Pump Rate","113"
"50","2022-05-24T06:15:41Z","Articulated_Truck_1","Engine","Oil Pressure","65"
"43","2022-05-02T02:23:32Z","Excavator_1","Misc","Hydraulic Pump Rate","117"
"2","2022-05-02T07:24:10Z","Articulated_Truck_1","Drive","Transmission Pressure","220"
"11","2022-05-07T00:00:26Z","Articulated_Truck_1","Drive","Transmission Pressure","275"
"39","2022-05-21T09:11:15Z","Dozer_1","Engine","Oil Pressure","33"
"27","2022-05-20T16:04:22Z","Backhoe_Loader_1","Misc","Hydraulic Pump Rate","82"
"44","2022-06-09T20:11:44Z","Dozer_1","Misc","Air Filter Pressure","26"
"50","2022-05-13T00:03:58Z","Excavator_1","Fuel","Water in Fuel","1439"
"22","2022-05-19T02:06:43Z","Articulated_Truck_1","Fuel","Level","6"
"6","2022-06-21T17:50:42Z","Articulated_Truck_1","Engine","Oil Pressure","67"
"7","2022-05-19T07:14:37Z","Backhoe_Loader_1","Engine","Temparature","97"
"26","2022-05-19T13:36:19Z","Backhoe_Loader_1","Engine","Temparature","75"
"32","2022-06-14T17:23:07Z","Articulated_Truck_1","Drive","Transmission Pressure","450"
"49","2022-06-02T19:26:20Z","Backhoe_Loader_1","Fuel","Pressure","56"
"10","2022-06-17T21:14:28Z","Backhoe_Loader_1","Engine","Speed","1521"
"9","2022-05-19T16:41:33Z","Excavator_1","Drive","Brake Control","7"
"36","2022-06-16T10:52:41Z","Articulated_Truck_1","Fuel","Level","3"
"6","2022-06-29T14:50:21Z","Articulated_Truck_1","Misc","Exhaust Gas Temparature","210"
"21","2022-05-23T01:36:54Z","Dozer_1","Drive","Transmission Pressure","402"
"32","2022-05-10T14:37:32Z","Dozer_1","Fuel","Level","7"
"9","2022-06-05T05:05:32Z","Dozer_1","Misc","System Voltage","14.38"
"42","2022-05-04T00:31:11Z","Backhoe_Loader_1","Misc","Exhaust Gas Temparature","216"
"19","2022-06-07T01:33:05Z","Backhoe_Loader_1","Drive","Brake Control","10"
"32","2022-06-14T11:44:57Z","Dozer_1","Misc","Air Filter Pressure","31"
"15","2022-05-01T13:12:10Z","Excavator_1","Engine","Temparature","95"
"31","2022-05-11T11:08:12Z","Backhoe_Loader_1","Misc","Hydraulic Pump Rate","82"
"32","2022-05-13T04:58:29Z","Excavator_1","Fuel","Level","9"
"47","2022-06-26T11:13:01Z","Articulated_Truck_1","Fuel","Level","3"
"12","2022-05-10T04:48:40Z","Backhoe_Loader_1","Fuel","Pressure","49"
"17","2022-05-23T23:09:11Z","Articulated_Truck_1","Engine","Oil Pressure","33"
"13","2022-05-24T00:58:38Z","Articulated_Truck_1","Fuel","Water in Fuel","78"
"24","2022-06-21T15:12:57Z","Backhoe_Loader_1","Fuel","Pressure","42"
"35","2022-06-21T13:10:10Z","Excavator_1","Drive","Pedal Sensor","4.83"
"2","2022-06-09T08:21:48Z","Articulated_Truck_1","Engine","Temparature","75"
"1","2022-05-29T01:45:10Z","Excavator_1","Misc","System Voltage","13.64"
"30","2022-06-13T06:05:02Z","Dozer_1","Fuel","Level","8"
"42","2022-06-19T03:02:05Z","Articulated_Truck_1","Misc","Exhaust Gas Temparature","176"
"45","2022-06-03T05:06:52Z","Excavator_1","Drive","Transmission Pressure","323"
"31","2022-05-17T04:05:58Z","Excavator_1","Drive","Pedal Sensor","4.68"
"16","2022-05-03T10:01:42Z","Dozer_1","Engine","Speed","1364"
"36","2022-05-10T12:45:46Z","Articulated_Truck_1","Engine","Oil Pressure","45"
"13","2022-05-24T18:41:08Z","Excavator_1","Engine","Temparature","75"
"27","2022-05-03T22:07:55Z","Excavator_1","Fuel","Temparature","355"
"41","2022-05-06T07:11:28Z","Backhoe_Loader_1","Engine","Speed","1687"
"36","2022-05-09T05:38:12Z","Backhoe_Loader_1","Fuel","Level","5"
"14","2022-06-16T00:37:05Z","Articulated_Truck_1","Drive","Pedal Sensor","4.4"
"43","2022-06-16T21:30:41Z","Dozer_1","Engine","Speed","1488"
"49","2022-05-22T16:32:08Z","Excavator_1","Engine","Speed","1377"
"32","2022-05-18T00:34:35Z","Backhoe_Loader_1","Engine","Speed","1475"
"36","2022-06-27T16:29:04Z","Excavator_1","Engine","Oil Pressure","39"
"31","2022-06-06T19:21:21Z","Dozer_1","Fuel","Water in Fuel","1337"
"49","2022-05-03T10:13:39Z","Articulated_Truck_1","Engine","Speed","1560"
"32","2022-06-04T06:36:55Z","Articulated_Truck_1","Engine","Speed","1550"
"3","2022-06-20T16:43:18Z","Excavator_1","Fuel","Temparature","398"
"2","2022-06-20T14:48:18Z","Backhoe_Loader_1","Misc","Exhaust Gas Temparature","217"
"12","2022-06-06T09:36:25Z","Excavator_1","Engine","Speed","1644"
"41","2022-06-13T13:11:33Z","Dozer_1","Engine","Speed","1771"
"37","2022-05-18T14:22:03Z","Excavator_1","Drive","Brake Control","9"
"28","2022-06-09T05:23:13Z","Articulated_Truck_1","Drive","Brake Control","3"
"40","2022-05-18T20:27:16Z","Articulated_Truck_1","Engine","Temparature","100"
"29","2022-05-15T07:07:10Z","Dozer_1","Drive","Brake Control","5"
"27","2022-06-17T20:56:42Z","Backhoe_Loader_1","Engine","Speed","1341"
"24","2022-06-17T03:01:41Z","Dozer_1","Fuel","Pressure","52"
"17","2022-05-17T12:45:08Z","Backhoe_Loader_1","Misc","System Voltage","14.29"
"32","2022-05-14T23:13:53Z","Backhoe_Loader_1","Misc","Air Filter Pressure","25"
"16","2022-06-18T10:52:44Z","Articulated_Truck_1","Fuel","Pressure","67"
"47","2022-06-17T20:57:18Z","Dozer_1","Fuel","Level","3"
"37","2022-06-27T00:30:42Z","Articulated_Truck_1","Fuel","Temparature","0"
"26","2022-05-13T19:45:09Z","Articulated_Truck_1","Engine","Temparature","98"
"17","2022-05-25T21:48:09Z","Articulated_Truck_1","Fuel","Water in Fuel","81"
"48","2022-06-14T10:10:26Z","Articulated_Truck_1","Engine","Temparature","82"
"48","2022-06-25T12:04:22Z","Excavator_1","Fuel","Temparature","297"
"2","2022-05-02T05:43:34Z","Dozer_1","Fuel","Level","2"
"49","2022-05-27T02:12:14Z","Articulated_Truck_1","Drive","Brake Control","4"
"33","2022-05-16T02:16:40Z","Articulated_Truck_1","Fuel","Temparature","0"
"5","2022-06-23T20:53:35Z","Articulated_Truck_1","Misc","System Voltage","13.1"
"37","2022-05-23T15:59:17Z","Dozer_1","Drive","Brake Control","7"
"48","2022-06-02T21:45:34Z","Dozer_1","Drive","Brake Control","5"
"39","2022-06-13T10:51:05Z","Backhoe_Loader_1","Misc","Hydraulic Pump Rate","90"
"24","2022-06-14T22:34:17Z","Excavator_1","Misc","Air Filter Pressure","22"
"32","2022-06-30T11:08:46Z","Articulated_Truck_1","Fuel","Level","4"
"3","2022-06-13T00:44:10Z","Excavator_1","Drive","Pedal Sensor","3.55"
"6","2022-06-03T15:23:27Z","Dozer_1","Fuel","Level","6"
"11","2022-06-25T12:15:59Z","Backhoe_Loader_1","Fuel","Temparature","224"
"50","2022-06-17T09:01:50Z","Backhoe_Loader_1","Drive","Transmission Pressure","377"
"36","2022-05-26T03:39:25Z","Excavator_1","Drive","Brake Control","9"
"4","2022-06-23T23:50:43Z","Articulated_Truck_1","Misc","Air Filter Pressure","22"
"34","2022-06-03T02:57:08Z","Dozer_1","Engine","Speed","1385"
"49","2022-06-02T18:33:33Z","Excavator_1","Misc","System Voltage","13.21"
"33","2022-05-20T15:07:22Z","Excavator_1","Engine","Oil Pressure","36"
"42","2022-06-19T08:39:27Z","Articulated_Truck_1","Engine","Oil Pressure","36"
"42","2022-06-16T22:11:02Z","Articulated_Truck_1","Drive","Pedal Sensor","3.9"
"27","2022-06-16T11:16:38Z","Dozer_1","Fuel","Temparature","382"
"29","2022-06-02T01:46:16Z","Backhoe_Loader_1","Misc","System Voltage","13.71"
"41","2022-06-21T09:28:21Z","Articulated_Truck_1","Misc","System Voltage","15.2"
"34","2022-06-16T01:32:34Z","Articulated_Truck_1","Drive","Transmission Pressure","447"
"15","2022-06-23T08:05:29Z","Backhoe_Loader_1","Fuel","Temparature","363"
"1","2022-06-07T08:39:49Z","Backhoe_Loader_1","Drive","Brake Control","6"
"3","2022-05-12T06:44:37Z","Dozer_1","Drive","Pedal Sensor","3.04"
"30","2022-06-22T23:36:06Z","Articulated_Truck_1","Misc","Exhaust Gas Temparature","180"
"39","2022-06-12T09:50:01Z","Excavator_1","Misc","Hydraulic Pump Rate","112"
"38","2022-06-08T17:46:59Z","Excavator_1","Drive","Brake Control","5"
"8","2022-05-21T21:04:59Z","Dozer_1","Fuel","Pressure","48"
"18","2022-05-28T00:21:09Z","Excavator_1","Drive","Brake Control","7"
"17","2022-05-08T08:31:01Z","Excavator_1","Engine","Oil Pressure","32"
"49","2022-06-28T15:45:01Z","Dozer_1","Engine","Speed","1530"
"14","2022-05-21T20:21:21Z","Backhoe_Loader_1","Engine","Oil Pressure","45"
"47","2022-06-22T04:47:09Z","Articulated_Truck_1","Engine","Oil Pressure","56"
"36","2022-06-22T20:24:00Z","Excavator_1","Misc","Air Filter Pressure","29"
"7","2022-06-26T19:35:36Z","Excavator_1","Engine","Temparature","91"
"37","2022-06-01T16:12:42Z","Backhoe_Loader_1","Engine","Temparature","75"
"4","2022-05-21T23:07:40Z","Articulated_Truck_1","Fuel","Pressure","44"
"27","2022-05-25T04:38:41Z","Backhoe_Loader_1","Fuel","Temparature","340"
"45","2022-06-05T11:11:32Z","Dozer_1","Fuel","Pressure","37"
"30","2022-06-24T06:17:06Z","Excavator_1","Engine","Speed","1455"
"4","2022-05-14T11:42:22Z","Backhoe_Loader_1","Drive","Transmission Pressure","292"
"6","2022-05-02T08:37:26Z","Backhoe_Loader_1","Misc","Exhaust Gas Temparature","223"
"21","2022-06-12T21:34:23Z","Articulated_Truck_1","Drive","Transmission Pressure","250"
"28","2022-05-13T09:16:37Z","Excavator_1","Engine","Oil Pressure","53"
"23","2022-05-27T22:41:55Z","Articulated_Truck_1","Engine","Speed","1340"
"49","2022-05-07T03:48:31Z","Dozer_1","Fuel","Pressure","58"
"45","2022-06-29T16:47:07Z","Dozer_1","Engine","Speed","1445"
"2","2022-05-15T20:33:46Z","Articulated_Truck_1","Fuel","Level","10"
"34","2022-05-04T15:01:14Z","Backhoe_Loader_1","Misc","Exhaust Gas Temparature","293"
"47","2022-06-09T00:25:35Z","Backhoe_Loader_1","Fuel","Level","6"
"42","2022-06-25T01:50:35Z","Dozer_1","Drive","Pedal Sensor","3.52"
"50","2022-05-23T04:38:57Z","Backhoe_Loader_1","Fuel","Water in Fuel","1400"
"20","2022-06-30T20:00:49Z","Excavator_1","Misc","Air Filter Pressure","25"
"16","2022-05-09T14:21:51Z","Articulated_Truck_1","Drive","Pedal Sensor","3.6"
"29","2022-06-05T05:54:26Z","Excavator_1","Misc","System Voltage","14.33"
"39","2022-06-16T02:41:34Z","Excavator_1","Fuel","Water in Fuel","461"
"11","2022-06-21T18:05:54Z","Articulated_Truck_1","Engine","Oil Pressure","72"
"3","2022-06-04T23:24:10Z","Articulated_Truck_1","Fuel","Temparature","0"
"5","2022-06-01T00:48:36Z","Articulated_Truck_1","Drive","Pedal Sensor","4.4"
"22","2022-06-17T17:06:13Z","Articulated_Truck_1","Drive","Pedal Sensor","3.6"
"5","2022-06-28T06:46:31Z","Excavator_1","Engine","Speed","1523"
"14","2022-05-06T13:30:37Z","Excavator_1","Misc","Exhaust Gas Temparature","306"
"37","2022-06-19T12:40:03Z","Backhoe_Loader_1","Misc","System Voltage","12.52"
"23","2022-06-18T16:45:24Z","Backhoe_Loader_1","Fuel","Temparature","376"
"9","2022-05-16T22:24:02Z","Articulated_Truck_1","Misc","System Voltage","12.7"
"42","2022-06-23T16:26:14Z","Backhoe_Loader_1","Drive","Pedal Sensor","3.80"
"19","2022-06-17T17:04:01Z","Dozer_1","Drive","Brake Control","7"
"15","2022-06-30T13:37:33Z","Articulated_Truck_1","Misc","Hydraulic Pump Rate","120"
"23","2022-06-17T02:44:30Z","Excavator_1","Drive","Transmission Pressure","399"
"22","2022-06-21T16:09:58Z","Backhoe_Loader_1","Fuel","Level","8"
"6","2022-06-15T13:51:50Z","Excavator_1","Misc","Exhaust Gas Temparature","312"
"13","2022-06-17T15:59:54Z","Excavator_1","Fuel","Water in Fuel","544"
"37","2022-06-16T15:27:30Z","Excavator_1","Misc","System Voltage","15.53"
"38","2022-06-02T22:25:23Z","Excavator_1","Fuel","Pressure","53"
"8","2022-06-02T17:20:30Z","Backhoe_Loader_1","Engine","Speed","1429"
"5","2022-06-08T13:17:06Z","Dozer_1","Misc","System Voltage","13.87"
"19","2022-05-03T07:01:03Z","Excavator_1","Engine","Speed","1712"
"24","2022-06-23T23:45:21Z","Articulated_Truck_1","Misc","Air Filter Pressure","31"
"25","2022-05-17T23:42:24Z","Excavator_1","Engine","Oil Pressure","37"
"30","2022-06-28T07:21:28Z","Excavator_1","Misc","Exhaust Gas Temparature","310"
"1","2022-05-25T03:32:03Z","Dozer_1","Fuel","Water in Fuel","286"
"28","2022-06-19T08:29:25Z","Excavator_1","Drive","Brake Control","1"
"38","2022-05-25T21:05:43Z","Dozer_1","Drive","Brake Control","5"
"50","2022-05-07T21:21:33Z","Articulated_Truck_1","Fuel","Water in Fuel","448"
"46","2022-06-11T09:31:45Z","Backhoe_Loader_1","Fuel","Water in Fuel","398"
"12","2022-06-25T08:18:50Z","Articulated_Truck_1","Misc","Air Filter Pressure","25"
"10","2022-05-25T08:33:28Z","Excavator_1","Fuel","Level","7"
"41","2022-05-15T10:38:00Z","Backhoe_Loader_1","Drive","Transmission Pressure","289"
"18","2022-06-10T17:46:17Z","Dozer_1","Engine","Temparature","100"
"38","2022-05-25T11:32:37Z","Articulated_Truck_1","Fuel","Pressure","72"
"24","2022-05-25T04:47:33Z","Backhoe_Loader_1","Engine","Temparature","94"
"31","2022-05-04T01:41:06Z","Dozer_1","Misc","Hydraulic Pump Rate","94"
"2","2022-05-25T15:52:51Z","Excavator_1","Drive","Transmission Pressure","406"
"42","2022-05-27T18:23:38Z","Backhoe_Loader_1","Fuel","Water in Fuel","495"
"38","2022-05-06T20:06:35Z","Backhoe_Loader_1","Drive","Brake Control","6"
"46","2022-06-24T19:36:27Z","Excavator_1","Fuel","Water in Fuel","1072"
"25","2022-06-15T15:14:31Z","Articulated_Truck_1","Drive","Transmission Pressure","366"
"1","2022-06-09T14:04:18Z","Articulated_Truck_1","Fuel","Water in Fuel","50"
"38","2022-06-11T04:31:02Z","Articulated_Truck_1","Misc","Exhaust Gas Temparature","181"
"34","2022-06-10T12:30:24Z","Dozer_1","Misc","Exhaust Gas Temparature","347"
"6","2022-06-20T15:06:27Z","Excavator_1","Engine","Oil Pressure","60"
"19","2022-05-23T07:36:49Z","Backhoe_Loader_1","Misc","Hydraulic Pump Rate","117"
"12","2022-05-18T20:55:34Z","Dozer_1","Engine","Speed","1529"
"34","2022-06-29T07:20:54Z","Excavator_1","Engine","Speed","1419"
"1","2022-06-14T07:01:40Z","Backhoe_Loader_1","Misc","System Voltage","14.95"
"31","2022-06-12T13:05:50Z","Backhoe_Loader_1","Engine","Oil Pressure","65"
"14","2022-05-06T18:34:37Z","Backhoe_Loader_1","Drive","Pedal Sensor","3.54"
"19","2022-05-23T17:34:59Z","Backhoe_Loader_1","Fuel","Temparature","250"
"40","2022-05-22T13:59:28Z","Backhoe_Loader_1","Drive","Transmission Pressure","349"
"48","2022-05-12T01:56:34Z","Dozer_1","Misc","Air Filter Pressure","26"
"35","2022-05-24T16:19:43Z","Excavator_1","Fuel","Water in Fuel","1647"
"18","2022-05-30T07:29:25Z","Articulated_Truck_1","Engine","Temparature","102"
"17","2022-06-08T15:27:31Z","Dozer_1","Misc","System Voltage","15.26"
"21","2022-06-05T00:55:51Z","Articulated_Truck_1","Fuel","Water in Fuel","88"
"13","2022-06-05T07:06:14Z","Dozer_1","Drive","Transmission Pressure","223"
"38","2022-06-05T14:13:44Z","Backhoe_Loader_1","Engine","Speed","1585"
"33","2022-05-10T10:06:47Z","Articulated_Truck_1","Drive","Pedal Sensor","4.4"
"49","2022-06-06T15:31:31Z","Backhoe_Loader_1","Engine","Speed","1394"
"4","2022-05-30T14:58:22Z","Dozer_1","Fuel","Pressure","47"
"48","2022-05-28T18:04:34Z","Excavator_1","Misc","Air Filter Pressure","35"
"14","2022-05-27T17:18:06Z","Articulated_Truck_1","Engine","Oil Pressure","44"
"29","2022-06-23T10:50:01Z","Articulated_Truck_1","Engine","Temparature","95"
"41","2022-05-20T01:01:55Z","Excavator_1","Engine","Speed","1515"
"34","2022-05-07T09:54:12Z","Excavator_1","Fuel","Pressure","52"
"25","2022-06-14T08:08:36Z","Excavator_1","Fuel","Water in Fuel","1643"
"13","2022-06-07T03:24:30Z","Backhoe_Loader_1","Drive","Transmission Pressure","286"
"30","2022-06-24T06:14:56Z","Dozer_1","Drive","Transmission Pressure","271"
"49","2022-06-21T12:15:41Z","Dozer_1","Misc","System Voltage","14.28"
"17","2022-05-01T12:55:10Z","Excavator_1","Misc","System Voltage","12.02"
"43","2022-06-28T06:57:48Z","Backhoe_Loader_1","Fuel","Level","5"
"29","2022-05-29T23:47:59Z","Articulated_Truck_1","Drive","Brake Control","7"
"2","2022-05-27T08:34:57Z","Excavator_1","Fuel","Level","2"
"40","2022-06-13T19:48:07Z","Dozer_1","Engine","Temparature","89"
"8","2022-05-09T12:13:17Z","Dozer_1","Engine","Speed","1357"
"5","2022-06-06T18:13:49Z","Dozer_1","Fuel","Water in Fuel","287"
"49","2022-06-05T12:35:22Z","Backhoe_Loader_1","Misc","System Voltage","14.71"
"39","2022-05-18T13:10:48Z","Dozer_1","Drive","Pedal Sensor","4.69"
"26","2022-06-06T21:59:58Z","Articulated_Truck_1","Fuel","Level","5"
"37","2022-06-05T04:17:27Z","Articulated_Truck_1","Misc","System Voltage","13.7"
"5","2022-06-05T01:06:32Z","Backhoe_Loader_1","Drive","Pedal Sensor","4.41"
"33","2022-05-19T16:09:22Z","Backhoe_Loader_1","Engine","Oil Pressure","61"
"21","2022-05-09T21:40:22Z","Dozer_1","Misc","System Voltage","14.40"
"13","2022-06-28T19:01:22Z","Backhoe_Loader_1","Misc","System Voltage","15.82"
"35","2022-05-30T03:59:33Z","Articulated_Truck_1","Engine","Temparature","94"
"25","2022-05-22T20:48:03Z","Articulated_Truck_1","Engine","Oil Pressure","45"
"13","2022-06-12T22:26:46Z","Articulated_Truck_1","Drive","Transmission Pressure","300"
"22","2022-06-04T17:55:41Z","Excavator_1","Engine","Oil Pressure","26"
"44","2022-05-04T03:09:21Z","Articulated_Truck_1","Misc","Air Filter Pressure","31"
"40","2022-05-22T10:03:36Z","Articulated_Truck_1","Drive","Transmission Pressure","443"
"8","2022-06-03T00:36:16Z","Articulated_Truck_1","Misc","Air Filter Pressure","23"
"8","2022-06-18T14:11:56Z","Dozer_1","Drive","Brake Control","8"
"28","2022-06-12T10:46:20Z","Backhoe_Loader_1","Engine","Oil Pressure","57"
"12","2022-06-02T21:54:01Z","Backhoe_Loader_1","Misc","Air Filter Pressure","25"
"44","2022-06-22T19:24:57Z","Articulated_Truck_1","Fuel","Temparature","0"
"7","2022-06-29T21:21:13Z","Articulated_Truck_1","Misc","Hydraulic Pump Rate","118"
"37","2022-06-08T10:58:57Z","Articulated_Truck_1","Drive","Brake Control","8"
"9","2022-06-24T20:26:17Z","Excavator_1","Misc","System Voltage","12.71"
"23","2022-05-23T20:40:00Z","Dozer_1","Fuel","Temparature","372"
"39","2022-05-18T20:38:30Z","Articulated_Truck_1","Fuel","Water in Fuel","184"
"15","2022-06-30T15:28:03Z","Backhoe_Loader_1","Drive","Transmission Pressure","272"
"8","2022-06-09T14:12:56Z","Articulated_Truck_1","Fuel","Pressure","46"
"7","2022-06-16T20:11:03Z","Backhoe_Loader_1","Misc","Hydraulic Pump Rate","83"
"46","2022-05-21T03:29:19Z","Articulated_Truck_1","Fuel","Water in Fuel","426"
"17","2022-05-23T11:17:38Z","Articulated_Truck_1","Misc","System Voltage","14.4"
"34","2022-06-01T23:11:36Z","Articulated_Truck_1","Engine","Speed","1650"
"8","2022-06-20T01:28:45Z","Excavator_1","Drive","Brake Control","8"
"20","2022-06-12T18:58:22Z","Backhoe_Loader_1","Fuel","Pressure","47"
"26","2022-06-22T21:50:43Z","Dozer_1","Fuel","Level","2"
"27","2022-05-01T03:12:04Z","Dozer_1","Engine","Speed","1310"
"21","2022-05-11T20:59:36Z","Backhoe_Loader_1","Engine","Speed","1765"
"31","2022-06-12T05:07:49Z","Dozer_1","Drive","Pedal Sensor","4.10"
"39","2022-06-02T05:50:45Z","Articulated_Truck_1","Misc","Hydraulic Pump Rate","116"
"36","2022-05-15T15:22:18Z","Excavator_1","Fuel","Level","7"
"33","2022-06-09T00:16:29Z","Articulated_Truck_1","Engine","Oil Pressure","35"
"20","2022-05-23T04:38:09Z","Dozer_1","Misc","Air Filter Pressure","31"
"11","2022-05-04T08:34:48Z","Excavator_1","Engine","Oil Pressure","42"
"18","2022-06-27T11:20:31Z","Excavator_1","Engine","Temparature","79"
"8","2022-05-16T09:07:13Z","Articulated_Truck_1","Drive","Brake Control","8"
"41","2022-06-19T03:27:54Z","Backhoe_Loader_1","Fuel","Level","4"
"10","2022-05-10T19:19:42Z","Dozer_1","Drive","Brake Control","2"
"37","2022-05-21T14:46:03Z","Dozer_1","Fuel","Temparature","253"
"39","2022-06-04T20:30:15Z","Backhoe_Loader_1","Fuel","Water in Fuel","1342"
"16","2022-05-02T17:24:00Z","Dozer_1","Fuel","Pressure","48"
"23","2022-06-15T11:11:04Z","Dozer_1","Misc","Hydraulic Pump Rate","90"
"40","2022-05-21T14:34:35Z","Backhoe_Loader_1","Fuel","Level","6"
"38","2022-05-09T18:52:55Z","Articulated_Truck_1","Drive","Brake Control","4"
"2","2022-05-06T21:13:51Z","Dozer_1","Misc","Exhaust Gas Temparature","244"
"38","2022-06-26T13:54:57Z","Backhoe_Loader_1","Misc","Exhaust Gas Temparature","211"
"36","2022-05-06T07:00:57Z","Backhoe_Loader_1","Engine","Oil Pressure","48"
"48","2022-05-10T19:49:35Z","Backhoe_Loader_1","Drive","Brake Control","5"
"37","2022-06-03T03:33:09Z","Backhoe_Loader_1","Drive","Brake Control","4"
"1","2022-05-19T10:40:13Z","Backhoe_Loader_1","Engine","Speed","1352"
"24","2022-06-23T10:14:14Z","Excavator_1","Engine","Temparature","81"
"34","2022-06-23T20:40:56Z","Backhoe_Loader_1","Fuel","Pressure","59"
"15","2022-06-23T12:01:06Z","Backhoe_Loader_1","Misc","Hydraulic Pump Rate","85"
"31","2022-06-12T04:21:12Z","Articulated_Truck_1","Fuel","Water in Fuel","120"
"43","2022-06-22T04:26:33Z","Excavator_1","Engine","Speed","1648"
"21","2022-06-26T15:31:44Z","Excavator_1","Misc","System Voltage","15.19"
"14","2022-06-19T23:44:53Z","Dozer_1","Misc","Exhaust Gas Temparature","344"
"4","2022-06-03T16:57:24Z","Backhoe_Loader_1","Fuel","Pressure","37"
"32","2022-06-07T04:00:01Z","Dozer_1","Drive","Transmission Pressure","328"
"17","2022-05-08T07:09:07Z","Dozer_1","Drive","Brake Control","9"
"50","2022-05-05T16:57:01Z","Excavator_1","Engine","Oil Pressure","43"
"5","2022-06-21T11:20:42Z","Excavator_1","Fuel","Water in Fuel","276"
"33","2022-05-14T09:43:59Z","Dozer_1","Misc","System Voltage","15.01"
"44","2022-06-18T05:32:08Z","Dozer_1","Engine","Oil Pressure","41"
"24","2022-05-26T04:44:24Z","Excavator_1","Drive","Pedal Sensor","4.26"
"3","2022-05-01T08:01:41Z","Backhoe_Loader_1","Fuel","Temparature","243"
"24","2022-06-07T12:15:03Z","Articulated_Truck_1","Fuel","Pressure","56"
"12","2022-06-23T00:10:54Z","Articulated_Truck_1","Drive","Pedal Sensor","3.7"
"49","2022-05-11T21:15:07Z","Backhoe_Loader_1","Drive","Brake Control","3"
"13","2022-06-10T06:17:06Z","Dozer_1","Misc","System Voltage","14.72"
"40","2022-06-21T03:03:40Z","Excavator_1","Drive","Transmission Pressure","354"
"33","2022-06-22T06:01:52Z","Excavator_1","Misc","System Voltage","12.43"
"47","2022-06-20T10:39:17Z","Excavator_1","Misc","Hydraulic Pump Rate","125"
"20","2022-06-02T02:28:19Z","Excavator_1","Drive","Brake Control","5"
"18","2022-06-15T16:21:53Z","Backhoe_Loader_1","Fuel","Level","6"
"10","2022-05-13T18:58:13Z","Articulated_Truck_1","Drive","Brake Control","7"
"44","2022-06-17T08:14:08Z","Backhoe_Loader_1","Fuel","Temparature","329"
"7","2022-05-19T10:03:33Z","Dozer_1","Fuel","Temparature","258"
"39","2022-06-01T06:07:39Z","Dozer_1","Misc","Hydraulic Pump Rate","87"
"35","2022-05-18T05:49:35Z","Backhoe_Loader_1","Engine","Temparature","94"
"35","2022-05-13T05:51:14Z","Dozer_1","Engine","Temparature","85"
"38","2022-05-17T15:25:35Z","Excavator_1","Engine","Speed","1443"
"18","2022-05-05T19:26:24Z","Backhoe_Loader_1","Drive","Brake Control","10"
"26","2022-06-23T00:44:20Z","Articulated_Truck_1","Misc","Exhaust Gas Temparature","190"
"22","2022-06-17T08:17:44Z","Dozer_1","Fuel","Level","8"
"13","2022-06-21T05:48:44Z","Dozer_1","Engine","Temparature","89"
"50","2022-05-12T19:31:46Z","Articulated_Truck_1","Drive","Transmission Pressure","391"
"1","2022-06-17T11:44:09Z","Backhoe_Loader_1","Fuel","Water in Fuel","1655"
"34","2022-06-10T03:56:00Z","Dozer_1","Fuel","Pressure","43"
"43","2022-05-09T20:57:26Z","Dozer_1","Misc","Hydraulic Pump Rate","79"
"42","2022-05-30T10:48:15Z","Articulated_Truck_1","Fuel","Water in Fuel","424"
"46","2022-05-19T23:03:11Z","Excavator_1","Misc","Exhaust Gas Temparature","270"
"12","2022-06-30T15:55:21Z","Dozer_1","Misc","Air Filter Pressure","28"
"46","2022-05-12T10:21:07Z","Excavator_1","Engine","Temparature","80"
"48","2022-05-13T05:10:04Z","Articulated_Truck_1","Drive","Brake Control","8"
"28","2022-06-29T06:59:28Z","Backhoe_Loader_1","Fuel","Pressure","51"
"37","2022-05-20T18:34:35Z","Articulated_Truck_1","Engine","Temparature","92"
"50","2022-05-08T23:35:46Z","Backhoe_Loader_1","Engine","Oil Pressure","51"
"10","2022-06-01T05:43:24Z","Excavator_1","Misc","Exhaust Gas Temparature","359"
"42","2022-06-13T18:49:21Z","Backhoe_Loader_1","Engine","Oil Pressure","38"
"22","2022-05-17T15:55:05Z","Excavator_1","Fuel","Level","9"
"4","2022-06-03T21:24:15Z","Articulated_Truck_1","Engine","Temparature","78"
"22","2022-06-18T01:20:27Z","Backhoe_Loader_1","Misc","Exhaust Gas Temparature","205"
"10","2022-06-17T04:21:38Z","Articulated_Truck_1","Misc","Exhaust Gas Temparature","222"
"12","2022-06-28T17:11:12Z","Backhoe_Loader_1","Engine","Speed","1720"
"39","2022-05-23T20:13:07Z","Backhoe_Loader_1","Drive","Pedal Sensor","4.36"
"45","2022-05-08T05:33:36Z","Articulated_Truck_1","Misc","System Voltage","14.9"
"19","2022-06-30T18:55:06Z","Articulated_Truck_1","Misc","Hydraulic Pump Rate","122"
"35","2022-05-24T20:26:17Z","Backhoe_Loader_1","Misc","Hydraulic Pump Rate","76"
"33","2022-06-17T17:43:46Z","Backhoe_Loader_1","Fuel","Temparature","302"
"3","2022-06-28T02:33:43Z","Dozer_1","Engine","Oil Pressure","53"
"28","2022-06-08T09:20:40Z","Dozer_1","Misc","Air Filter Pressure","26"
"45","2022-06-11T06:26:08Z","Articulated_Truck_1","Engine","Speed","1440"
"36","2022-06-07T10:24:30Z","Dozer_1","Fuel","Level","2"
"20","2022-05-02T14:34:40Z","Dozer_1","Fuel","Pressure","38"
"2","2022-06-03T05:13:41Z","Backhoe_Loader_1","Fuel","Level","1"
"4","2022-05-21T11:13:39Z","Articulated_Truck_1","Drive","Transmission Pressure","335"
"12","2022-05-16T12:24:13Z","Dozer_1","Fuel","Pressure","40"
"20","2022-05-12T09:48:46Z","Articulated_Truck_1","Drive","Brake Control","5"
"19","2022-05-20T13:06:28Z","Articulated_Truck_1","Fuel","Temparature","0"
"8","2022-06-26T11:53:34Z","Backhoe_Loader_1","Fuel","Pressure","59"
"45","2022-05-19T02:10:45Z","Backhoe_Loader_1","Drive","Transmission Pressure","412"
"25","2022-05-04T18:38:30Z","Dozer_1","Engine","Oil Pressure","45"
"22","2022-05-07T11:39:05Z","Excavator_1","Drive","Pedal Sensor","4.82"
"20","2022-06-02T11:23:52Z","Backhoe_Loader_1","Engine","Oil Pressure","41"
"4","2022-06-11T14:27:32Z","Excavator_1","Engine","Temparature","104"
"18","2022-06-17T10:14:19Z","Dozer_1","Misc","Exhaust Gas Temparature","202"
"1","2022-05-05T13:42:55Z","Excavator_1","Engine","Speed","1755"
"42","2022-05-29T01:20:19Z","Dozer_1","Engine","Oil Pressure","39"
"23","2022-06-16T13:19:07Z","Articulated_Truck_1","Fuel","Temparature","0"
"25","2022-05-20T16:53:50Z","Backhoe_Loader_1","Fuel","Water in Fuel","283"
"11","2022-06-16T21:07:33Z","Backhoe_Loader_1","Misc","Hydraulic Pump Rate","88"
"49","2022-06-19T15:31:30Z","Excavator_1","Fuel","Pressure","45"
"19","2022-05-02T02:13:44Z","Asphalt_Paver_1","Fuel","Temparature","395"
"8","2022-05-03T16:47:08Z","Asphalt_Paver_1","Engine","Speed","1391"
"17","2022-05-04T08:45:50Z","Asphalt_Paver_1","Engine","Oil Pressure","26"
"11","2022-05-04T17:43:01Z","Asphalt_Paver_1","Misc","Hydraulic Pump Rate","99"
"15","2022-05-04T19:25:14Z","Asphalt_Paver_1","Engine","Temparature","78"
"48","2022-05-05T04:11:17Z","Asphalt_Paver_1","Fuel","Temparature","372"
"37","2022-05-05T07:38:09Z","Asphalt_Paver_1","Misc","System Voltage","13.98"
"44","2022-05-05T10:47:46Z","Asphalt_Paver_1","Engine","Oil Pressure","59"
"1","2022-05-06T02:09:45Z","Asphalt_Paver_1","Drive","Brake Control","10"
"12","2022-05-06T03:01:06Z","Asphalt_Paver_1","Drive","Pedal Sensor","4.77"
"15","2022-05-06T10:05:16Z","Asphalt_Paver_1","Misc","Hydraulic Pump Rate","88"
"45","2022-05-06T13:34:08Z","Asphalt_Paver_1","Engine","Speed","1362"
"31","2022-05-07T08:23:17Z","Asphalt_Paver_1","Misc","Hydraulic Pump Rate","117"
"4","2022-05-07T16:10:36Z","Asphalt_Paver_1","Drive","Transmission Pressure","259"
"27","2022-05-07T16:16:35Z","Asphalt_Paver_1","Fuel","Temparature","283"
"46","2022-05-07T18:40:29Z","Asphalt_Paver_1","Fuel","Water in Fuel","826"
"5","2022-05-08T03:05:07Z","Asphalt_Paver_1","Fuel","Water in Fuel","1413"
"23","2022-05-08T04:46:58Z","Asphalt_Paver_1","Fuel","Temparature","288"
"47","2022-05-08T05:37:47Z","Asphalt_Paver_1","Drive","Brake Control","2"
"24","2022-05-08T09:06:59Z","Asphalt_Paver_1","Drive","Pedal Sensor","4.95"
"7","2022-05-08T21:48:22Z","Asphalt_Paver_1","Fuel","Temparature","398"
"21","2022-05-09T01:16:11Z","Asphalt_Paver_1","Engine","Speed","1300"
"25","2022-05-09T05:26:50Z","Asphalt_Paver_1","Misc","System Voltage","14.79"
"47","2022-05-10T02:49:51Z","Asphalt_Paver_1","Misc","Hydraulic Pump Rate","117"
"48","2022-05-10T03:54:56Z","Asphalt_Paver_1","Misc","Air Filter Pressure","22"
"24","2022-05-10T20:00:10Z","Asphalt_Paver_1","Fuel","Pressure","37"
"31","2022-05-10T21:45:28Z","Asphalt_Paver_1","Fuel","Water in Fuel","924"
"12","2022-05-11T06:12:11Z","Asphalt_Paver_1","Engine","Speed","1424"
"16","2022-05-11T22:26:16Z","Asphalt_Paver_1","Engine","Speed","1554"
"19","2022-05-11T23:22:16Z","Asphalt_Paver_1","Engine","Speed","1481"
"9","2022-05-12T02:03:47Z","Asphalt_Paver_1","Drive","Brake Control","5"
"27","2022-05-12T08:53:43Z","Asphalt_Paver_1","Misc","Hydraulic Pump Rate","77"
"35","2022-05-12T15:23:18Z","Asphalt_Paver_1","Engine","Temparature","87"
"2","2022-05-13T00:30:54Z","Asphalt_Paver_1","Engine","Temparature","86"
"35","2022-05-14T05:52:16Z","Asphalt_Paver_1","Fuel","Water in Fuel","97"
"10","2022-05-14T06:37:02Z","Asphalt_Paver_1","Drive","Brake Control","7"
"37","2022-05-14T10:29:15Z","Asphalt_Paver_1","Fuel","Temparature","279"
"11","2022-05-14T11:35:47Z","Asphalt_Paver_1","Fuel","Temparature","272"
"25","2022-05-14T19:11:53Z","Asphalt_Paver_1","Fuel","Water in Fuel","416"
"34","2022-05-14T20:47:51Z","Asphalt_Paver_1","Misc","Exhaust Gas Temparature","200"
"13","2022-05-14T23:41:06Z","Asphalt_Paver_1","Engine","Temparature","87"
"8","2022-05-15T09:33:08Z","Asphalt_Paver_1","Fuel","Pressure","60"
"38","2022-05-15T10:30:42Z","Asphalt_Paver_1","Engine","Speed","1421"
"50","2022-05-15T19:24:52Z","Asphalt_Paver_1","Misc","Exhaust Gas Temparature","221"
"36","2022-05-15T21:26:43Z","Asphalt_Paver_1","Fuel","Level","2"
"7","2022-05-16T02:29:41Z","Asphalt_Paver_1","Misc","Hydraulic Pump Rate","113"
"30","2022-05-16T03:40:19Z","Asphalt_Paver_1","Misc","Exhaust Gas Temparature","282"
"40","2022-05-16T23:30:20Z","Asphalt_Paver_1","Drive","Transmission Pressure","384"
"5","2022-05-17T02:48:57Z","Asphalt_Paver_1","Engine","Speed","1538"
"42","2022-05-17T22:40:47Z","Asphalt_Paver_1","Engine","Oil Pressure","59"
"29","2022-05-18T02:55:12Z","Asphalt_Paver_1","Engine","Temparature","102"
"26","2022-05-18T05:19:47Z","Asphalt_Paver_1","Drive","Pedal Sensor","4.28"
"40","2022-05-18T09:59:27Z","Asphalt_Paver_1","Fuel","Level","2"
"9","2022-05-18T10:27:02Z","Asphalt_Paver_1","Misc","System Voltage","13.01"
"43","2022-05-18T13:23:17Z","Asphalt_Paver_1","Engine","Speed","1736"
"29","2022-05-18T19:22:43Z","Asphalt_Paver_1","Fuel","Water in Fuel","203"
"31","2022-05-18T19:57:01Z","Asphalt_Paver_1","Engine","Oil Pressure","40"
"1","2022-05-19T09:18:17Z","Asphalt_Paver_1","Misc","System Voltage","13.22"
"46","2022-05-19T12:38:46Z","Asphalt_Paver_1","Drive","Pedal Sensor","3.68"
"16","2022-05-19T14:42:25Z","Asphalt_Paver_1","Misc","Air Filter Pressure","27"
"28","2022-05-20T00:08:40Z","Asphalt_Paver_1","Fuel","Pressure","58"
"38","2022-05-20T04:26:18Z","Asphalt_Paver_1","Fuel","Pressure","45"
"25","2022-05-20T11:50:18Z","Asphalt_Paver_1","Drive","Transmission Pressure","378"
"8","2022-05-21T01:46:50Z","Asphalt_Paver_1","Misc","Air Filter Pressure","25"
"9","2022-05-21T05:34:03Z","Asphalt_Paver_1","Fuel","Water in Fuel","887"
"30","2022-05-21T13:33:32Z","Asphalt_Paver_1","Engine","Speed","1661"
"2","2022-05-21T16:35:51Z","Asphalt_Paver_1","Misc","Exhaust Gas Temparature","249"
"42","2022-05-21T22:25:01Z","Asphalt_Paver_1","Fuel","Water in Fuel","980"
"4","2022-05-22T05:58:24Z","Asphalt_Paver_1","Fuel","Pressure","45"
"29","2022-05-22T15:03:09Z","Asphalt_Paver_1","Drive","Brake Control","4"
"1","2022-05-23T00:40:36Z","Asphalt_Paver_1","Engine","Speed","1340"
"35","2022-05-23T06:49:18Z","Asphalt_Paver_1","Misc","Hydraulic Pump Rate","110"
"4","2022-05-23T06:55:54Z","Asphalt_Paver_1","Engine","Temparature","98"
"46","2022-05-23T19:54:28Z","Asphalt_Paver_1","Engine","Temparature","77"
"25","2022-05-23T22:25:14Z","Asphalt_Paver_1","Engine","Oil Pressure","46"
"18","2022-05-24T01:46:54Z","Asphalt_Paver_1","Drive","Brake Control","10"
"22","2022-05-24T08:19:49Z","Asphalt_Paver_1","Engine","Oil Pressure","32"
"45","2022-05-24T12:53:15Z","Asphalt_Paver_1","Misc","System Voltage","14.84"
"32","2022-05-24T14:22:12Z","Asphalt_Paver_1","Misc","Air Filter Pressure","33"
"48","2022-05-25T00:27:14Z","Asphalt_Paver_1","Drive","Brake Control","3"
"16","2022-05-25T06:27:45Z","Asphalt_Paver_1","Drive","Pedal Sensor","3.73"
"10","2022-05-25T07:56:46Z","Asphalt_Paver_1","Engine","Speed","1331"
"39","2022-05-25T14:34:41Z","Asphalt_Paver_1","Fuel","Water in Fuel","708"
"45","2022-05-25T23:33:08Z","Asphalt_Paver_1","Fuel","Pressure","58"
"41","2022-05-26T08:10:33Z","Asphalt_Paver_1","Fuel","Level","6"
"27","2022-05-26T10:14:42Z","Asphalt_Paver_1","Drive","Brake Control","4"
"23","2022-05-26T11:21:14Z","Asphalt_Paver_1","Drive","Transmission Pressure","427"
"37","2022-05-26T13:46:18Z","Asphalt_Paver_1","Engine","Temparature","101"
"22","2022-05-26T20:33:43Z","Asphalt_Paver_1","Misc","Exhaust Gas Temparature","243"
"33","2022-05-27T00:58:30Z","Asphalt_Paver_1","Misc","System Voltage","14.31"
"11","2022-05-27T06:51:44Z","Asphalt_Paver_1","Engine","Oil Pressure","56"
"18","2022-05-27T08:54:27Z","Asphalt_Paver_1","Engine","Temparature","90"
"50","2022-05-27T16:53:38Z","Asphalt_Paver_1","Fuel","Water in Fuel","622"
"39","2022-05-27T20:33:12Z","Asphalt_Paver_1","Drive","Pedal Sensor","4.63"
"38","2022-05-28T17:54:20Z","Asphalt_Paver_1","Drive","Brake Control","10"
"5","2022-05-28T20:01:11Z","Asphalt_Paver_1","Misc","System Voltage","15.42"
"33","2022-05-29T02:05:09Z","Asphalt_Paver_1","Engine","Oil Pressure","58"
"9","2022-05-30T00:47:39Z","Asphalt_Paver_1","Engine","Oil Pressure","61"
"30","2022-05-30T06:13:49Z","Asphalt_Paver_1","Fuel","Level","9"
"41","2022-05-30T10:10:00Z","Asphalt_Paver_1","Engine","Speed","1597"
"29","2022-05-30T10:18:49Z","Asphalt_Paver_1","Misc","System Voltage","15.84"
"20","2022-05-30T13:23:00Z","Asphalt_Paver_1","Drive","Brake Control","8"
"7","2022-05-30T13:25:59Z","Asphalt_Paver_1","Engine","Temparature","87"
"16","2022-05-30T18:37:35Z","Asphalt_Paver_1","Fuel","Pressure","56"
"20","2022-06-02T12:24:24Z","Asphalt_Paver_1","Misc","Air Filter Pressure","24"
"47","2022-06-02T12:46:49Z","Asphalt_Paver_1","Engine","Oil Pressure","35"
"2","2022-06-02T13:50:33Z","Asphalt_Paver_1","Fuel","Level","6"
"42","2022-06-02T16:47:26Z","Asphalt_Paver_1","Misc","Exhaust Gas Temparature","341"
"13","2022-06-03T00:22:59Z","Asphalt_Paver_1","Misc","System Voltage","13.01"
"6","2022-06-03T06:19:56Z","Asphalt_Paver_1","Engine","Oil Pressure","62"
"35","2022-06-03T11:08:54Z","Asphalt_Paver_1","Drive","Pedal Sensor","4.36"
"14","2022-06-03T12:54:34Z","Asphalt_Paver_1","Fuel","Level","4"
"32","2022-06-03T13:25:49Z","Asphalt_Paver_1","Engine","Speed","1726"
"43","2022-06-04T02:31:02Z","Asphalt_Paver_1","Misc","Hydraulic Pump Rate","100"
"28","2022-06-04T21:52:27Z","Asphalt_Paver_1","Engine","Oil Pressure","61"
"22","2022-06-05T08:51:53Z","Asphalt_Paver_1","Fuel","Level","7"
"26","2022-06-07T13:54:10Z","Asphalt_Paver_1","Engine","Temparature","75"
"17","2022-06-07T14:21:31Z","Asphalt_Paver_1","Drive","Brake Control","8"
"14","2022-06-07T14:42:16Z","Asphalt_Paver_1","Drive","Pedal Sensor","3.79"
"28","2022-06-07T15:25:41Z","Asphalt_Paver_1","Drive","Brake Control","3"
"49","2022-06-07T23:26:06Z","Asphalt_Paver_1","Misc","System Voltage","12.92"
"12","2022-06-08T09:05:27Z","Asphalt_Paver_1","Misc","Air Filter Pressure","34"
"20","2022-06-08T19:17:04Z","Asphalt_Paver_1","Fuel","Pressure","65"
"49","2022-06-08T22:13:29Z","Asphalt_Paver_1","Drive","Brake Control","5"
"17","2022-06-08T22:40:49Z","Asphalt_Paver_1","Fuel","Water in Fuel","539"
"39","2022-06-09T07:11:43Z","Asphalt_Paver_1","Engine","Oil Pressure","50"
"30","2022-06-09T15:42:25Z","Asphalt_Paver_1","Drive","Transmission Pressure","270"
"32","2022-06-09T16:00:08Z","Asphalt_Paver_1","Drive","Transmission Pressure","206"
"21","2022-06-10T07:46:38Z","Asphalt_Paver_1","Drive","Transmission Pressure","249"
"33","2022-06-10T11:21:26Z","Asphalt_Paver_1","Drive","Pedal Sensor","3.59"
"13","2022-06-10T12:18:52Z","Asphalt_Paver_1","Drive","Transmission Pressure","383"
"21","2022-06-10T12:26:28Z","Asphalt_Paver_1","Fuel","Water in Fuel","1161"
"48","2022-06-10T12:47:22Z","Asphalt_Paver_1","Engine","Temparature","77"
"50","2022-06-10T15:20:57Z","Asphalt_Paver_1","Engine","Oil Pressure","51"
"39","2022-06-10T21:18:32Z","Asphalt_Paver_1","Misc","Hydraulic Pump Rate","124"
"6","2022-06-10T21:54:26Z","Asphalt_Paver_1","Misc","Exhaust Gas Temparature","323"
"10","2022-06-10T22:31:11Z","Asphalt_Paver_1","Fuel","Level","6"
"12","2022-06-11T05:41:29Z","Asphalt_Paver_1","Fuel","Pressure","42"
"47","2022-06-11T17:11:40Z","Asphalt_Paver_1","Fuel","Level","4"
"26","2022-06-12T04:25:48Z","Asphalt_Paver_1","Misc","Exhaust Gas Temparature","259"
"41","2022-06-12T07:23:07Z","Asphalt_Paver_1","Drive","Transmission Pressure","226"
"24","2022-06-12T13:19:39Z","Asphalt_Paver_1","Engine","Temparature","105"
"34","2022-06-12T13:55:32Z","Asphalt_Paver_1","Engine","Speed","1709"
"23","2022-06-12T14:15:44Z","Asphalt_Paver_1","Misc","Hydraulic Pump Rate","88"
"43","2022-06-12T14:26:30Z","Asphalt_Paver_1","Drive","Transmission Pressure","293"
"1","2022-06-12T18:29:41Z","Asphalt_Paver_1","Fuel","Water in Fuel","1444"
"23","2022-06-13T01:00:57Z","Asphalt_Paver_1","Engine","Speed","1622"
"3","2022-06-13T10:39:44Z","Asphalt_Paver_1","Misc","Hydraulic Pump Rate","124"
"13","2022-06-13T14:28:05Z","Asphalt_Paver_1","Fuel","Water in Fuel","776"
"21","2022-06-14T03:43:47Z","Asphalt_Paver_1","Misc","System Voltage","13.11"
"17","2022-06-14T19:34:37Z","Asphalt_Paver_1","Misc","System Voltage","15.70"
"31","2022-06-15T05:05:30Z","Asphalt_Paver_1","Drive","Pedal Sensor","3.81"
"40","2022-06-15T18:26:13Z","Asphalt_Paver_1","Misc","Air Filter Pressure","23"
"49","2022-06-16T03:34:14Z","Asphalt_Paver_1","Engine","Speed","1484"
"14","2022-06-16T19:12:43Z","Asphalt_Paver_1","Engine","Oil Pressure","49"
"22","2022-06-17T05:41:51Z","Asphalt_Paver_1","Drive","Pedal Sensor","4.20"
"33","2022-06-17T21:33:42Z","Asphalt_Paver_1","Fuel","Temparature","398"
"34","2022-06-17T22:12:14Z","Asphalt_Paver_1","Fuel","Pressure","65"
"10","2022-06-18T21:12:12Z","Asphalt_Paver_1","Misc","Exhaust Gas Temparature","338"
"32","2022-06-18T21:14:46Z","Asphalt_Paver_1","Fuel","Level","2"
"20","2022-06-19T09:14:14Z","Asphalt_Paver_1","Engine","Oil Pressure","29"
"42","2022-06-19T14:49:37Z","Asphalt_Paver_1","Drive","Pedal Sensor","3.83"
"26","2022-06-19T16:20:55Z","Asphalt_Paver_1","Fuel","Level","10"
"3","2022-06-20T17:14:49Z","Asphalt_Paver_1","Engine","Oil Pressure","58"
"19","2022-06-20T18:03:11Z","Asphalt_Paver_1","Misc","Hydraulic Pump Rate","84"
"36","2022-06-20T19:53:54Z","Asphalt_Paver_1","Engine","Oil Pressure","34"
"27","2022-06-21T17:05:44Z","Asphalt_Paver_1","Engine","Speed","1594"
"19","2022-06-22T03:16:50Z","Asphalt_Paver_1","Drive","Brake Control","7"
"46","2022-06-22T05:57:27Z","Asphalt_Paver_1","Misc","Exhaust Gas Temparature","295"
"11","2022-06-22T09:19:59Z","Asphalt_Paver_1","Drive","Transmission Pressure","437"
"8","2022-06-22T10:24:37Z","Asphalt_Paver_1","Drive","Brake Control","10"
"34","2022-06-23T09:07:45Z","Asphalt_Paver_1","Drive","Transmission Pressure","387"
"41","2022-06-23T14:04:08Z","Asphalt_Paver_1","Misc","System Voltage","14.99"
"7","2022-06-23T22:04:30Z","Asphalt_Paver_1","Drive","Pedal Sensor","3.12"
"49","2022-06-24T06:33:28Z","Asphalt_Paver_1","Fuel","Pressure","61"
"37","2022-06-24T08:48:18Z","Asphalt_Paver_1","Drive","Brake Control","5"
"2","2022-06-24T19:49:46Z","Asphalt_Paver_1","Drive","Transmission Pressure","281"
"50","2022-06-24T22:02:12Z","Asphalt_Paver_1","Drive","Transmission Pressure","232"
"36","2022-06-25T03:09:34Z","Asphalt_Paver_1","Drive","Brake Control","2"
"15","2022-06-25T06:47:25Z","Asphalt_Paver_1","Drive","Transmission Pressure","306"
"44","2022-06-25T19:08:58Z","Asphalt_Paver_1","Drive","Pedal Sensor","4.61"
"15","2022-06-25T22:53:21Z","Asphalt_Paver_1","Fuel","Temparature","291"
"24","2022-06-26T09:29:43Z","Asphalt_Paver_1","Misc","Air Filter Pressure","32"
"3","2022-06-26T12:12:38Z","Asphalt_Paver_1","Drive","Pedal Sensor","3.06"
"45","2022-06-26T13:36:30Z","Asphalt_Paver_1","Drive","Transmission Pressure","303"
"44","2022-06-26T15:25:15Z","Asphalt_Paver_1","Misc","Air Filter Pressure","22"
"38","2022-06-27T02:53:27Z","Asphalt_Paver_1","Misc","Exhaust Gas Temparature","237"
"18","2022-06-27T08:56:16Z","Asphalt_Paver_1","Fuel","Level","6"
"3","2022-06-27T22:52:54Z","Asphalt_Paver_1","Fuel","Temparature","394"
"5","2022-06-27T23:12:14Z","Asphalt_Paver_1","Drive","Pedal Sensor","3.78"
"44","2022-06-28T02:12:26Z","Asphalt_Paver_1","Fuel","Temparature","383"
"6","2022-06-28T02:42:28Z","Asphalt_Paver_1","Fuel","Level","1"
"40","2022-06-28T18:02:23Z","Asphalt_Paver_1","Engine","Temparature","81"
"6","2022-06-28T18:25:33Z","Asphalt_Paver_1","Drive","Transmission Pressure","332"
"36","2022-06-29T00:33:59Z","Asphalt_Paver_1","Misc","Air Filter Pressure","20"
"18","2022-06-29T16:29:54Z","Asphalt_Paver_1","Misc","Exhaust Gas Temparature","263"
"43","2022-06-29T16:52:23Z","Asphalt_Paver_1","Fuel","Level","7"
"28","2022-06-29T20:00:46Z","Asphalt_Paver_1","Misc","Air Filter Pressure","23"
"4","2022-06-30T14:09:21Z","Asphalt_Paver_1","Misc","Air Filter Pressure","26"
"14","2022-06-30T14:47:40Z","Asphalt_Paver_1","Misc","Exhaust Gas Temparature","195"
